Date,sma_10,sma_20,sma_60,ema_10,ema_20,ema_60,연도,분기,부채총계,자본금,이익잉여금,자본총계,법인세차감전 순이익,당기순이익,당기손익-공정가치측정금융자산,순이자손익,이자수익,이자비용,영업이익(손실),당기순이익(손실),총포괄손익,순수수료손익
2023-10-04,1.046376811594203,1.0105072463768117,0.960024154589372,1.0296221678614386,1.0133643113120636,0.9826259229853144,2023,Q4,-0.0266183150302137,0.0,-0.042364197052406,-0.0282582825236086,0.1012343721744817,0.091749191248786,-0.6485114510029462,1.9566803840877915,1.6452064380685796,-5.944929908392513,0.1108924547122642,0.091749191248786,0.0903165148113096,1.3979289940828403
2023-10-05,1.0528117359413205,1.0245721271393644,0.9729421352893236,1.0345348293958034,1.0232999968309109,0.994814252869425,2023,Q4,-0.0266183150302137,0.0,-0.042364197052406,-0.0282582825236086,0.1012343721744817,0.091749191248786,-0.6485114510029462,1.9566803840877915,1.6452064380685796,-5.944929908392513,0.1108924547122642,0.091749191248786,0.0903165148113096,1.3979289940828403
2023-10-06,1.0046728971962615,0.982535046728972,0.9317367601246106,0.990680269117662,0.97998044897341,0.9522699071545924,2023,Q4,-0.0266183150302137,0.0,-0.042364197052406,-0.0282582825236086,0.1012343721744817,0.091749191248786,-0.6485114510029462,1.9566803840877915,1.6452064380685796,-5.944929908392513,0.1108924547122642,0.091749191248786,0.0903165148113096,1.3979289940828403
2023-10-10,0.9962920046349942,0.9786210892236384,0.9261877172653534,0.9858001467694584,0.9746952503505788,0.9463639874425,2023,Q4,-0.0266183150302137,0.0,-0.042364197052406,-0.0282582825236086,0.1012343721744817,0.091749191248786,-0.6485114510029462,1.9566803840877915,1.6452064380685796,-5.944929908392513,0.1108924547122642,0.091749191248786,0.0903165148113096,1.3979289940828403
2023-10-11,1.0069330199764983,0.995475910693302,0.9408538973756364,0.9997553402369816,0.989540485703007,0.9610297460771275,2023,Q4,-0.0266183150302137,0.0,-0.042364197052406,-0.0282582825236086,0.1012343721744817,0.091749191248786,-0.6485114510029462,1.9566803840877915,1.6452064380685796,-5.944929908392513,0.1108924547122642,0.091749191248786,0.0903165148113096,1.3979289940828403
2023-10-12,0.9883236994219652,0.9830057803468208,0.927456647398844,0.98656081459538,0.9760462490135932,0.9472631956938596,2023,Q4,-0.0266183150302137,0.0,-0.042364197052406,-0.0282582825236086,0.1012343721744817,0.091749191248786,-0.6485114510029462,1.9566803840877915,1.6452064380685796,-5.944929908392513,0.1108924547122642,0.091749191248786,0.0903165148113096,1.3979289940828403
2023-10-13,0.980574712643678,0.981206896551724,0.924176245210728,0.984365302155176,0.9732523318302356,0.9437267230494844,2023,Q4,-0.0266183150302137,0.0,-0.042364197052406,-0.0282582825236086,0.1012343721744817,0.091749191248786,-0.6485114510029462,1.9566803840877915,1.6452064380685796,-5.944929908392513,0.1108924547122642,0.091749191248786,0.0903165148113096,1.3979289940828403
2023-10-16,0.9755148741418764,0.9801487414187644,0.92162471395881,0.9835219800161252,0.971769698439239,0.9413942434281808,2023,Q4,-0.0266183150302137,0.0,-0.042364197052406,-0.0282582825236086,0.1012343721744817,0.091749191248786,-0.6485114510029462,1.9566803840877915,1.6452064380685796,-5.944929908392513,0.1108924547122642,0.091749191248786,0.0903165148113096,1.3979289940828403
2023-10-17,0.989223638470452,0.9955388180764774,0.9349555813055236,0.9967748756775352,0.985665045096397,0.954921557597735,2023,Q4,-0.0266183150302137,0.0,-0.042364197052406,-0.0282582825236086,0.1012343721744817,0.091749191248786,-0.6485114510029462,1.9566803840877915,1.6452064380685796,-5.944929908392513,0.1108924547122642,0.091749191248786,0.0903165148113096,1.3979289940828403
2023-10-18,0.9736363636363636,0.979375,0.9187878787878788,0.9816064524160556,0.9698024753487888,0.9385570221349454,2023,Q4,-0.0266183150302137,0.0,-0.042364197052406,-0.0282582825236086,0.1012343721744817,0.091749191248786,-0.6485114510029462,1.9566803840877915,1.6452064380685796,-5.944929908392513,0.1108924547122642,0.091749191248786,0.0903165148113096,1.3979289940828403
2023-10-19,0.9845714285714284,0.9873714285714286,0.9259428571428572,0.9895400626633932,0.9776923748479864,0.9457588869179648,2023,Q4,-0.0266183150302137,0.0,-0.042364197052406,-0.0282582825236086,0.1012343721744817,0.091749191248786,-0.6485114510029462,1.9566803840877915,1.6452064380685796,-5.944929908392513,0.1108924547122642,0.091749191248786,0.0903165148113096,1.3979289940828403
2023-10-20,0.9982718894009216,0.9952188940092166,0.9351190476190476,0.9979710927392356,0.9869506107004484,0.9549143034135364,2023,Q4,-0.0266183150302137,0.0,-0.042364197052406,-0.0282582825236086,0.1012343721744817,0.091749191248786,-0.6485114510029462,1.9566803840877915,1.6452064380685796,-5.944929908392513,0.1108924547122642,0.091749191248786,0.0903165148113096,1.3979289940828403
2023-10-23,1.0230496453900708,1.0197990543735225,0.9606776989755712,1.0195734124735556,1.011414469867826,0.9804106364844016,2023,Q4,-0.0266183150302137,0.0,-0.042364197052406,-0.0282582825236086,0.1012343721744817,0.091749191248786,-0.6485114510029462,1.9566803840877915,1.6452064380685796,-5.944929908392513,0.1108924547122642,0.091749191248786,0.0903165148113096,1.3979289940828403
2023-10-24,1.0221301775147928,1.0198224852071005,0.9632938856015778,1.017001824913787,1.0114103233956289,0.982175119012172,2023,Q4,-0.0266183150302137,0.0,-0.042364197052406,-0.0282582825236086,0.1012343721744817,0.091749191248786,-0.6485114510029462,1.9566803840877915,1.6452064380685796,-5.944929908392513,0.1108924547122642,0.091749191248786,0.0903165148113096,1.3979289940828403
2023-10-25,1.0149236192714453,1.0109283196239718,0.9580689385037212,1.0080438925829882,1.003871789050239,0.976061731778464,2023,Q4,-0.0266183150302137,0.0,-0.042364197052406,-0.0282582825236086,0.1012343721744817,0.091749191248786,-0.6485114510029462,1.9566803840877915,1.6452064380685796,-5.944929908392513,0.1108924547122642,0.091749191248786,0.0903165148113096,1.3979289940828403
2023-10-26,1.0296650717703348,1.0261363636363636,0.9762161084529506,1.02137974916193,1.019799667188045,0.993785463386636,2023,Q4,-0.0266183150302137,0.0,-0.042364197052406,-0.0282582825236086,0.1012343721744817,0.091749191248786,-0.6485114510029462,1.9566803840877915,1.6452064380685796,-5.944929908392513,0.1108924547122642,0.091749191248786,0.0903165148113096,1.3979289940828403
2023-10-27,1.0390776699029127,1.0371966019417476,0.99043284789644,1.0296625367050265,1.0313510121136675,1.0079873109199913,2023,Q4,-0.0266183150302137,0.0,-0.042364197052406,-0.0282582825236086,0.1012343721744817,0.091749191248786,-0.6485114510029462,1.9566803840877915,1.6452064380685796,-5.944929908392513,0.1108924547122642,0.091749191248786,0.0903165148113096,1.3979289940828403
2023-10-30,1.069482976040353,1.0723203026481716,1.0291298865069356,1.05720249595374,1.064843058046693,1.0458377836331485,2023,Q4,-0.0266183150302137,0.0,-0.042364197052406,-0.0282582825236086,0.1012343721744817,0.091749191248786,-0.6485114510029462,1.9566803840877915,1.6452064380685796,-5.944929908392513,0.1108924547122642,0.091749191248786,0.0903165148113096,1.3979289940828403
2023-10-31,1.0716836734693878,1.0802933673469388,1.0409013605442177,1.056731703805872,1.0697273053686542,1.0559470638768007,2023,Q4,-0.0266183150302137,0.0,-0.042364197052406,-0.0282582825236086,0.1012343721744817,0.091749191248786,-0.6485114510029462,1.9566803840877915,1.6452064380685796,-5.944929908392513,0.1108924547122642,0.091749191248786,0.0903165148113096,1.3979289940828403
2023-11-01,1.0497474747474749,1.0657828282828283,1.0302609427609428,1.0376835287022763,1.0533103619992468,1.0437963111998116,2023,Q4,-0.0266183150302137,0.0,-0.042364197052406,-0.0282582825236086,0.1012343721744817,0.091749191248786,-0.6485114510029462,1.9566803840877915,1.6452064380685796,-5.944929908392513,0.1108924547122642,0.091749191248786,0.0903165148113096,1.3979289940828403
2023-11-02,1.0537179487179489,1.079102564102564,1.0459401709401708,1.0438937287400731,1.0628946475802603,1.0578922662829928,2023,Q4,-0.0266183150302137,0.0,-0.042364197052406,-0.0282582825236086,0.1012343721744817,0.091749191248786,-0.6485114510029462,1.9566803840877915,1.6452064380685796,-5.944929908392513,0.1108924547122642,0.091749191248786,0.0903165148113096,1.3979289940828403
2023-11-03,1.013167701863354,1.0447826086956522,1.0142028985507243,1.0093883654156195,1.0270392592215,1.02421753577728,2023,Q4,-0.0266183150302137,0.0,-0.042364197052406,-0.0282582825236086,0.1012343721744817,0.091749191248786,-0.6485114510029462,1.9566803840877915,1.6452064380685796,-5.944929908392513,0.1108924547122642,0.091749191248786,0.0903165148113096,1.3979289940828403
2023-11-06,0.9650887573964496,0.9946745562130176,0.9676528599605524,0.9685872735272908,0.9804770622593882,0.9765294764136562,2023,Q4,-0.0266183150302137,0.0,-0.042364197052406,-0.0282582825236086,0.1012343721744817,0.091749191248786,-0.6485114510029462,1.9566803840877915,1.6452064380685796,-5.944929908392513,0.1108924547122642,0.091749191248786,0.0903165148113096,1.3979289940828403
2023-11-07,0.9947368421052633,1.0259485924112608,1.0017543859649125,1.0014583526399294,1.012738779190679,1.0096690620744193,2023,Q4,-0.0266183150302137,0.0,-0.042364197052406,-0.0282582825236086,0.1012343721744817,0.091749191248786,-0.6485114510029462,1.9566803840877915,1.6452064380685796,-5.944929908392513,0.1108924547122642,0.091749191248786,0.0903165148113096,1.3979289940828403
2023-11-08,0.99938195302843,1.0334981458590853,1.0124845488257108,1.009295793567974,1.0205865012288489,1.019009053864784,2023,Q4,-0.0266183150302137,0.0,-0.042364197052406,-0.0282582825236086,0.1012343721744817,0.091749191248786,-0.6485114510029462,1.9566803840877915,1.6452064380685796,-5.944929908392513,0.1108924547122642,0.091749191248786,0.0903165148113096,1.3979289940828403
2023-11-09,0.9949382716049384,1.028827160493827,1.0123045267489712,1.006586158582314,1.017485897142189,1.0171690174057886,2023,Q4,-0.0266183150302137,0.0,-0.042364197052406,-0.0282582825236086,0.1012343721744817,0.091749191248786,-0.6485114510029462,1.9566803840877915,1.6452064380685796,-5.944929908392513,0.1108924547122642,0.091749191248786,0.0903165148113096,1.3979289940828403
2023-11-10,0.9866421568627451,1.0179534313725491,1.006045751633987,0.9993330098111708,1.0090515847933177,1.009372133996758,2023,Q4,-0.0266183150302137,0.0,-0.042364197052406,-0.0282582825236086,0.1012343721744817,0.091749191248786,-0.6485114510029462,1.9566803840877915,1.6452064380685796,-5.944929908392513,0.1108924547122642,0.091749191248786,0.0903165148113096,1.3979289940828403
2023-11-13,0.9894607843137256,1.0143995098039216,1.0071078431372549,0.9994542807545944,1.0081895290987155,1.0090648509148972,2023,Q4,-0.0266183150302137,0.0,-0.042364197052406,-0.0282582825236086,0.1012343721744817,0.091749191248786,-0.6485114510029462,1.9566803840877915,1.6452064380685796,-5.944929908392513,0.1108924547122642,0.091749191248786,0.0903165148113096,1.3979289940828403
2023-11-14,0.9825665859564164,0.9998789346246972,0.9961259079903148,0.9896535590866984,0.9963663357054358,0.9969518950193864,2023,Q4,-0.0266183150302137,0.0,-0.042364197052406,-0.0282582825236086,0.1012343721744817,0.091749191248786,-0.6485114510029462,1.9566803840877915,1.6452064380685796,-5.944929908392513,0.1108924547122642,0.091749191248786,0.0903165148113096,1.3979289940828403
2023-11-15,0.9739856801909308,0.983054892601432,0.983472553699284,0.9799397437893812,0.98380345906132,0.9832437429452402,2023,Q4,-0.0266183150302137,0.0,-0.042364197052406,-0.0282582825236086,0.1012343721744817,0.091749191248786,-0.6485114510029462,1.9566803840877915,1.6452064380685796,-5.944929908392513,0.1108924547122642,0.091749191248786,0.0903165148113096,1.3979289940828403
2023-11-16,0.9788095238095238,0.9786309523809524,0.982718253968254,0.9816780895735402,0.9832266822661188,0.9815288278434536,2023,Q4,-0.0266183150302137,0.0,-0.042364197052406,-0.0282582825236086,0.1012343721744817,0.091749191248786,-0.6485114510029462,1.9566803840877915,1.6452064380685796,-5.944929908392513,0.1108924547122642,0.091749191248786,0.0903165148113096,1.3979289940828403
2023-11-17,0.991466346153846,0.985877403846154,0.993790064102564,0.992732337978143,0.9933778530773384,0.991262781918379,2023,Q4,-0.0266183150302137,0.0,-0.042364197052406,-0.0282582825236086,0.1012343721744817,0.091749191248786,-0.6485114510029462,1.9566803840877915,1.6452064380685796,-5.944929908392513,0.1108924547122642,0.091749191248786,0.0903165148113096,1.3979289940828403
2023-11-20,0.9899038461538462,0.9850360576923076,0.9952123397435898,0.994053731073026,0.9940085337366394,0.9915492480849896,2023,Q4,-0.0266183150302137,0.0,-0.042364197052406,-0.0282582825236086,0.1012343721744817,0.091749191248786,-0.6485114510029462,1.9566803840877915,1.6452064380685796,-5.944929908392513,0.1108924547122642,0.091749191248786,0.0903165148113096,1.3979289940828403
2023-11-21,0.9853221957040572,0.977565632458234,0.9895982498011135,0.9893116010278606,0.9881399534781676,0.984959691106772,2023,Q4,-0.0266183150302137,0.0,-0.042364197052406,-0.0282582825236086,0.1012343721744817,0.091749191248786,-0.6485114510029462,1.9566803840877915,1.6452064380685796,-5.944929908392513,0.1108924547122642,0.091749191248786,0.0903165148113096,1.3979289940828403
2023-11-22,0.990909090909091,0.9790071770334928,0.9931618819776714,0.9931913978851812,0.9914083127864768,0.9877319210859874,2023,Q4,-0.0266183150302137,0.0,-0.042364197052406,-0.0282582825236086,0.1012343721744817,0.091749191248786,-0.6485114510029462,1.9566803840877915,1.6452064380685796,-5.944929908392513,0.1108924547122642,0.091749191248786,0.0903165148113096,1.3979289940828403
2023-11-23,0.983451536643026,0.9680260047281324,0.9828999211977936,0.9848239928742856,0.9816238680795002,0.9768416322839444,2023,Q4,-0.0266183150302137,0.0,-0.042364197052406,-0.0282582825236086,0.1012343721744817,0.091749191248786,-0.6485114510029462,1.9566803840877915,1.6452064380685796,-5.944929908392513,0.1108924547122642,0.091749191248786,0.0903165148113096,1.3979289940828403
2023-11-24,0.998682634730539,0.981437125748503,0.9970459081836328,0.9981981362814166,0.9950739695186704,0.9900475750234772,2023,Q4,-0.0266183150302137,0.0,-0.042364197052406,-0.0282582825236086,0.1012343721744817,0.091749191248786,-0.6485114510029462,1.9566803840877915,1.6452064380685796,-5.944929908392513,0.1108924547122642,0.091749191248786,0.0903165148113096,1.3979289940828403
2023-11-27,1.005294825511432,0.9884476534296028,1.002847974328119,1.0024569515539703,0.9998767134498716,0.99498320773967,2023,Q4,-0.0266183150302137,0.0,-0.042364197052406,-0.0282582825236086,0.1012343721744817,0.091749191248786,-0.6485114510029462,1.9566803840877915,1.6452064380685796,-5.944929908392513,0.1108924547122642,0.091749191248786,0.0903165148113096,1.3979289940828403
2023-11-28,1.0048076923076923,0.9901442307692307,1.0025240384615384,1.0010244253356804,0.9988011348820984,0.9939910090689682,2023,Q4,-0.0266183150302137,0.0,-0.042364197052406,-0.0282582825236086,0.1012343721744817,0.091749191248786,-0.6485114510029462,1.9566803840877915,1.6452064380685796,-5.944929908392513,0.1108924547122642,0.091749191248786,0.0903165148113096,1.3979289940828403
2023-11-29,1.011757575757576,1.0005454545454546,1.0118787878787878,1.0077874266571432,1.0065828767801563,1.0023453681704424,2023,Q4,-0.0266183150302137,0.0,-0.042364197052406,-0.0282582825236086,0.1012343721744817,0.091749191248786,-0.6485114510029462,1.9566803840877915,1.6452064380685796,-5.944929908392513,0.1108924547122642,0.091749191248786,0.0903165148113096,1.3979289940828403
2023-11-30,1.0012004801920769,0.9941176470588236,1.003001200480192,0.9984526511982198,0.997209546305891,0.9929577233325386,2023,Q4,-0.0266183150302137,0.0,-0.042364197052406,-0.0282582825236086,0.1012343721744817,0.091749191248786,-0.6485114510029462,1.9566803840877915,1.6452064380685796,-5.944929908392513,0.1108924547122642,0.091749191248786,0.0903165148113096,1.3979289940828403
2023-12-01,0.9970131421744324,0.9912783751493428,0.9991437674233372,0.9948299691574948,0.9931635369735072,0.9885988841613153,2023,Q4,-0.0266183150302137,0.0,-0.042364197052406,-0.0282582825236086,0.1012343721744817,0.091749191248786,-0.6485114510029462,1.9566803840877915,1.6452064380685796,-5.944929908392513,0.1108924547122642,0.091749191248786,0.0903165148113096,1.3979289940828403
2023-12-04,1.0008393285371702,0.9941846522781774,1.0034772182254197,0.9986978589125144,0.997046918378993,0.9924122085257348,2023,Q4,-0.0266183150302137,0.0,-0.042364197052406,-0.0282582825236086,0.1012343721744817,0.091749191248786,-0.6485114510029462,1.9566803840877915,1.6452064380685796,-5.944929908392513,0.1108924547122642,0.091749191248786,0.0903165148113096,1.3979289940828403
2023-12-05,1.0025240384615384,0.9974759615384616,1.006670673076923,1.0008988340250582,0.9994966499904716,0.9949683782455332,2023,Q4,-0.0266183150302137,0.0,-0.042364197052406,-0.0282582825236086,0.1012343721744817,0.091749191248786,-0.6485114510029462,1.9566803840877915,1.6452064380685796,-5.944929908392513,0.1108924547122642,0.091749191248786,0.0903165148113096,1.3979289940828403
2023-12-06,1.0020432692307693,0.998858173076923,1.0073317307692309,1.000735409656866,0.9995445880866172,0.9951333494505978,2023,Q4,-0.0266183150302137,0.0,-0.042364197052406,-0.0282582825236086,0.1012343721744817,0.091749191248786,-0.6485114510029462,1.9566803840877915,1.6452064380685796,-5.944929908392513,0.1108924547122642,0.091749191248786,0.0903165148113096,1.3979289940828403
2023-12-07,1.0102065613608748,1.0105710814094775,1.0187727825030377,1.0095555890324326,1.0094775703566077,1.0058184940706918,2023,Q4,-0.0266183150302137,0.0,-0.042364197052406,-0.0282582825236086,0.1012343721744817,0.091749191248786,-0.6485114510029462,1.9566803840877915,1.6452064380685796,-5.944929908392513,0.1108924547122642,0.091749191248786,0.0903165148113096,1.3979289940828403
2023-12-08,1.0021712907117009,1.0040410132689987,1.0119219943707278,1.001839921917231,1.0019645452160533,0.9985866561844328,2023,Q4,-0.0266183150302137,0.0,-0.042364197052406,-0.0282582825236086,0.1012343721744817,0.091749191248786,-0.6485114510029462,1.9566803840877915,1.6452064380685796,-5.944929908392513,0.1108924547122642,0.091749191248786,0.0903165148113096,1.3979289940828403
2023-12-11,0.9986778846153846,1.0013822115384616,1.008633814102564,0.9985497877430572,0.9985086739753924,0.995150377140542,2023,Q4,-0.0266183150302137,0.0,-0.042364197052406,-0.0282582825236086,0.1012343721744817,0.091749191248786,-0.6485114510029462,1.9566803840877915,1.6452064380685796,-5.944929908392513,0.1108924547122642,0.091749191248786,0.0903165148113096,1.3979289940828403
2023-12-12,0.9880047505938242,0.9904394299287412,0.9972288202692005,0.9891104308594268,0.9879213391133922,0.9838779976066924,2023,Q4,-0.0266183150302137,0.0,-0.042364197052406,-0.0282582825236086,0.1012343721744817,0.091749191248786,-0.6485114510029462,1.9566803840877915,1.6452064380685796,-5.944929908392513,0.1108924547122642,0.091749191248786,0.0903165148113096,1.3979289940828403
2023-12-13,0.9996398559423768,1.0008403361344538,1.0081432573029212,0.9998339894197028,0.9987289534748786,0.9946881932793824,2023,Q4,-0.0266183150302137,0.0,-0.042364197052406,-0.0282582825236086,0.1012343721744817,0.091749191248786,-0.6485114510029462,1.9566803840877915,1.6452064380685796,-5.944929908392513,0.1108924547122642,0.091749191248786,0.0903165148113096,1.3979289940828403
2023-12-14,0.9953405017921146,0.9958781362007167,1.003405017921147,0.995954753848106,0.9945316690360644,0.99026461866349,2023,Q4,-0.0266183150302137,0.0,-0.042364197052406,-0.0282582825236086,0.1012343721744817,0.091749191248786,-0.6485114510029462,1.9566803840877915,1.6452064380685796,-5.944929908392513,0.1108924547122642,0.091749191248786,0.0903165148113096,1.3979289940828403
2023-12-15,0.9724097788125728,0.9719441210710128,0.9774932091579356,0.975820421286674,0.972007158527664,0.9660535060489538,2023,Q4,-0.0266183150302137,0.0,-0.042364197052406,-0.0282582825236086,0.1012343721744817,0.091749191248786,-0.6485114510029462,1.9566803840877915,1.6452064380685796,-5.944929908392513,0.1108924547122642,0.091749191248786,0.0903165148113096,1.3979289940828403
2023-12-18,0.9877213695395514,0.9865997638724912,0.9909287682014956,0.99152813963371,0.9871326718575368,0.9804044697789116,2023,Q4,-0.0266183150302137,0.0,-0.042364197052406,-0.0282582825236086,0.1012343721744817,0.091749191248786,-0.6485114510029462,1.9566803840877915,1.6452064380685796,-5.944929908392513,0.1108924547122642,0.091749191248786,0.0903165148113096,1.3979289940828403
2023-12-19,0.9926540284360188,0.9904620853080568,0.9940363349131124,0.9959520689818796,0.9915327289665616,0.9844175388132536,2023,Q4,-0.0266183150302137,0.0,-0.042364197052406,-0.0282582825236086,0.1012343721744817,0.091749191248786,-0.6485114510029462,1.9566803840877915,1.6452064380685796,-5.944929908392513,0.1108924547122642,0.091749191248786,0.0903165148113096,1.3979289940828403
2023-12-20,0.9774418604651164,0.9734302325581397,0.97515503875969,0.9815276866793188,0.975648883815492,0.9672141777114904,2023,Q4,-0.0266183150302137,0.0,-0.042364197052406,-0.0282582825236086,0.1012343721744817,0.091749191248786,-0.6485114510029462,1.9566803840877915,1.6452064380685796,-5.944929908392513,0.1108924547122642,0.091749191248786,0.0903165148113096,1.3979289940828403
2023-12-21,0.9807200929152148,0.973170731707317,0.9735578784359272,0.9839535735295036,0.9769427997093708,0.9672025928120376,2023,Q4,-0.0266183150302137,0.0,-0.042364197052406,-0.0282582825236086,0.1012343721744817,0.091749191248786,-0.6485114510029462,1.9566803840877915,1.6452064380685796,-5.944929908392513,0.1108924547122642,0.091749191248786,0.0903165148113096,1.3979289940828403
2023-12-22,0.9875291375291376,0.9779137529137528,0.9763791763791764,0.9896859759779744,0.982229285184016,0.9715488653035786,2023,Q4,-0.0266183150302137,0.0,-0.042364197052406,-0.0282582825236086,0.1012343721744817,0.091749191248786,-0.6485114510029462,1.9566803840877915,1.6452064380685796,-5.944929908392513,0.1108924547122642,0.091749191248786,0.0903165148113096,1.3979289940828403
2023-12-26,0.9792865362485615,0.9677215189873418,0.9638281549673956,0.9813113407785248,0.9726725742270712,0.9605868184534276,2023,Q4,-0.0266183150302137,0.0,-0.042364197052406,-0.0282582825236086,0.1012343721744817,0.091749191248786,-0.6485114510029462,1.9566803840877915,1.6452064380685796,-5.944929908392513,0.1108924547122642,0.091749191248786,0.0903165148113096,1.3979289940828403
2023-12-27,0.9957943925233644,0.983820093457944,0.978543613707165,0.9969027183760452,0.9886402354841554,0.9759890985315935,2023,Q4,-0.0266183150302137,0.0,-0.042364197052406,-0.0282582825236086,0.1012343721744817,0.091749191248786,-0.6485114510029462,1.9566803840877915,1.6452064380685796,-5.944929908392513,0.1108924547122642,0.091749191248786,0.0903165148113096,1.3979289940828403
2023-12-28,0.9860599078341014,0.9726958525345624,0.9653801843317972,0.9861896253004871,0.9773559792579714,0.963725795728632,2023,Q4,-0.0266183150302137,0.0,-0.042364197052406,-0.0282582825236086,0.1012343721744817,0.091749191248786,-0.6485114510029462,1.9566803840877915,1.6452064380685796,-5.944929908392513,0.1108924547122642,0.091749191248786,0.0903165148113096,1.3979289940828403
2024-01-02,1.0021028037383175,0.9876752336448598,0.9794587227414332,1.0000120383227915,0.9919089235604398,0.9779823320601864,2024,Q1,0.1158462396066772,0.0,0.0922776828236802,0.0434355313444381,0.1386108324298061,0.1723062628185516,0.8576482901061717,-0.6443662952000074,-0.6370370370370371,-0.7880560998136769,0.1271974263866317,0.1723062628185516,0.1738453107253605,-0.794694632942628
2024-01-03,1.0113341204250297,0.9987603305785124,0.9904368358913812,1.008703739748716,1.0022154794393092,0.988755292514906,2024,Q1,0.1158462396066772,0.0,0.0922776828236802,0.0434355313444381,0.1386108324298061,0.1723062628185516,0.8576482901061717,-0.6443662952000074,-0.6370370370370371,-0.7880560998136769,0.1271974263866317,0.1723062628185516,0.1738453107253605,-0.794694632942628
2024-01-04,1.0333736396614268,1.022490931076179,1.0138049173720274,1.0270802031553767,1.0239335354762942,1.012251833267536,2024,Q1,0.1158462396066772,0.0,0.0922776828236802,0.0434355313444381,0.1386108324298061,0.1723062628185516,0.8576482901061717,-0.6443662952000074,-0.6370370370370371,-0.7880560998136769,0.1271974263866317,0.1723062628185516,0.1738453107253605,-0.794694632942628
2024-01-05,1.0279518072289158,1.018674698795181,1.0094779116465864,1.019119162331377,1.0183056593768796,1.008311350989984,2024,Q1,0.1158462396066772,0.0,0.0922776828236802,0.0434355313444381,0.1386108324298061,0.1723062628185516,0.8576482901061717,-0.6443662952000074,-0.6370370370370371,-0.7880560998136769,0.1271974263866317,0.1723062628185516,0.1738453107253605,-0.794694632942628
2024-01-08,1.029939393939394,1.0244242424242425,1.015070707070707,1.020696434447976,1.0221460460821583,1.013949465632976,2024,Q1,0.1158462396066772,0.0,0.0922776828236802,0.0434355313444381,0.1386108324298061,0.1723062628185516,0.8576482901061717,-0.6443662952000074,-0.6370370370370371,-0.7880560998136769,0.1271974263866317,0.1723062628185516,0.1738453107253605,-0.794694632942628
2024-01-09,1.016686674669868,1.0151860744297718,1.0046818727490996,1.0089131317009956,1.011155277673231,1.0040735685687738,2024,Q1,0.1158462396066772,0.0,0.0922776828236802,0.0434355313444381,0.1386108324298061,0.1723062628185516,0.8576482901061717,-0.6443662952000074,-0.6370370370370371,-0.7880560998136769,0.1271974263866317,0.1723062628185516,0.1738453107253605,-0.794694632942628
2024-01-10,1.0247873633049818,1.0271567436208993,1.0159376265694613,1.0173226276772742,1.021208967177818,1.0157401684052654,2024,Q1,0.1158462396066772,0.0,0.0922776828236802,0.0434355313444381,0.1386108324298061,0.1723062628185516,0.8576482901061717,-0.6443662952000074,-0.6370370370370371,-0.7880560998136769,0.1271974263866317,0.1723062628185516,0.1738453107253605,-0.794694632942628
2024-01-11,1.016969696969697,1.0242424242424242,1.0124848484848483,1.0121552290033686,1.016949184401705,1.0128424313413704,2024,Q1,0.1158462396066772,0.0,0.0922776828236802,0.0434355313444381,0.1386108324298061,0.1723062628185516,0.8576482901061717,-0.6443662952000074,-0.6370370370370371,-0.7880560998136769,0.1271974263866317,0.1723062628185516,0.1738453107253605,-0.794694632942628
2024-01-12,1.0088057901085643,1.0185162846803375,1.0069159630076396,1.0059493996436026,1.010895425670442,1.0076945430113549,2024,Q1,0.1158462396066772,0.0,0.0922776828236802,0.0434355313444381,0.1386108324298061,0.1723062628185516,0.8576482901061717,-0.6443662952000074,-0.6370370370370371,-0.7880560998136769,0.1271974263866317,0.1723062628185516,0.1738453107253605,-0.794694632942628
2024-01-15,0.981764705882353,0.9943529411764706,0.9814509803921568,0.9845335262824514,0.9872612800972064,0.9833625418173264,2024,Q1,0.1158462396066772,0.0,0.0922776828236802,0.0434355313444381,0.1386108324298061,0.1723062628185516,0.8576482901061717,-0.6443662952000074,-0.6370370370370371,-0.7880560998136769,0.1271974263866317,0.1723062628185516,0.1738453107253605,-0.794694632942628
2024-01-16,1.0012033694344165,1.0167268351383876,1.0030084235860408,1.0057632070955862,1.008897465679324,1.0056544844674382,2024,Q1,0.1158462396066772,0.0,0.0922776828236802,0.0434355313444381,0.1386108324298061,0.1723062628185516,0.8576482901061717,-0.6443662952000074,-0.6370370370370371,-0.7880560998136769,0.1271974263866317,0.1723062628185516,0.1738453107253605,-0.794694632942628
2024-01-17,1.0047215496368038,1.0208837772397097,1.008232445520581,1.0096965689927238,1.013575584319777,1.0113569983518047,2024,Q1,0.1158462396066772,0.0,0.0922776828236802,0.0434355313444381,0.1386108324298061,0.1723062628185516,0.8576482901061717,-0.6443662952000074,-0.6370370370370371,-0.7880560998136769,0.1271974263866317,0.1723062628185516,0.1738453107253605,-0.794694632942628
2024-01-18,1.0090024330900242,1.024330900243309,1.0126520681265208,1.0119535826025114,1.0167451755482897,1.015744724136988,2024,Q1,0.1158462396066772,0.0,0.0922776828236802,0.0434355313444381,0.1386108324298061,0.1723062628185516,0.8576482901061717,-0.6443662952000074,-0.6370370370370371,-0.7880560998136769,0.1271974263866317,0.1723062628185516,0.1738453107253605,-0.794694632942628
2024-01-19,1.0058252427184466,1.020631067961165,1.009769417475728,1.007770587388943,1.0129176000758893,1.0128439366384616,2024,Q1,0.1158462396066772,0.0,0.0922776828236802,0.0434355313444381,0.1386108324298061,0.1723062628185516,0.8576482901061717,-0.6443662952000074,-0.6370370370370371,-0.7880560998136769,0.1271974263866317,0.1723062628185516,0.1738453107253605,-0.794694632942628
2024-01-22,1.0046060606060605,1.017272727272727,1.008020202020202,1.0053583114133775,1.0105765048651152,1.0112353864603172,2024,Q1,0.1158462396066772,0.0,0.0922776828236802,0.0434355313444381,0.1386108324298061,0.1723062628185516,0.8576482901061717,-0.6443662952000074,-0.6370370370370371,-0.7880560998136769,0.1271974263866317,0.1723062628185516,0.1738453107253605,-0.794694632942628
2024-01-23,0.9688811188811188,0.977972027972028,0.9696775446775446,0.9727469233147202,0.9744026370163548,0.9732485466765246,2024,Q1,0.1158462396066772,0.0,0.0922776828236802,0.0434355313444381,0.1386108324298061,0.1723062628185516,0.8576482901061717,-0.6443662952000074,-0.6370370370370371,-0.7880560998136769,0.1271974263866317,0.1723062628185516,0.1738453107253605,-0.794694632942628
2024-01-24,0.9589449541284404,0.9630733944954128,0.955026758409786,0.9649240765050322,0.9626863143643848,0.9590124065622466,2024,Q1,0.1158462396066772,0.0,0.0922776828236802,0.0434355313444381,0.1386108324298061,0.1723062628185516,0.8576482901061717,-0.6443662952000074,-0.6370370370370371,-0.7880560998136769,0.1271974263866317,0.1723062628185516,0.1738453107253605,-0.794694632942628
2024-01-25,0.9613714285714284,0.9601142857142856,0.9533142857142856,0.9685947171336616,0.9632537064701566,0.9571760242213482,2024,Q1,0.1158462396066772,0.0,0.0922776828236802,0.0434355313444381,0.1386108324298061,0.1723062628185516,0.8576482901061717,-0.6443662952000074,-0.6370370370370371,-0.7880560998136769,0.1271974263866317,0.1723062628185516,0.1738453107253605,-0.794694632942628
2024-01-26,0.9453734671125976,0.9388517279821628,0.932032701597919,0.954868085276942,0.9453783973067024,0.9358739011719776,2024,Q1,0.1158462396066772,0.0,0.0922776828236802,0.0434355313444381,0.1386108324298061,0.1723062628185516,0.8576482901061717,-0.6443662952000074,-0.6370370370370371,-0.7880560998136769,0.1271974263866317,0.1723062628185516,0.1738453107253605,-0.794694632942628
2024-01-29,0.9221982758620688,0.9107219827586208,0.9033405172413792,0.9369759063911394,0.922007595715216,0.907738384534422,2024,Q1,0.1158462396066772,0.0,0.0922776828236802,0.0434355313444381,0.1386108324298061,0.1723062628185516,0.8576482901061717,-0.6443662952000074,-0.6370370370370371,-0.7880560998136769,0.1271974263866317,0.1723062628185516,0.1738453107253605,-0.794694632942628
2024-01-30,0.9344492440604752,0.9164686825053996,0.907919366450684,0.9500905920065577,0.9312371658773366,0.9126596330069164,2024,Q1,0.1158462396066772,0.0,0.0922776828236802,0.0434355313444381,0.1386108324298061,0.1723062628185516,0.8576482901061717,-0.6443662952000074,-0.6370370370370371,-0.7880560998136769,0.1271974263866317,0.1723062628185516,0.1738453107253605,-0.794694632942628
2024-01-31,0.9187238493723848,0.8934100418410041,0.882060669456067,0.93477130028363,0.9113462191893734,0.8878223195983929,2024,Q1,0.1158462396066772,0.0,0.0922776828236802,0.0434355313444381,0.1386108324298061,0.1723062628185516,0.8576482901061717,-0.6443662952000074,-0.6370370370370371,-0.7880560998136769,0.1271974263866317,0.1723062628185516,0.1738453107253605,-0.794694632942628
2024-02-01,0.8654807692307692,0.8314903846153846,0.8139423076923077,0.8848577157028279,0.8531910588532865,0.8221426562835397,2024,Q1,0.1158462396066772,0.0,0.0922776828236802,0.0434355313444381,0.1386108324298061,0.1723062628185516,0.8576482901061717,-0.6443662952000074,-0.6370370370370371,-0.7880560998136769,0.1271974263866317,0.1723062628185516,0.1738453107253605,-0.794694632942628
2024-02-02,0.8313953488372093,0.7863595706618962,0.7616428145497913,0.8552828280190656,0.8133169487580263,0.7724958706935393,2024,Q1,0.1158462396066772,0.0,0.0922776828236802,0.0434355313444381,0.1386108324298061,0.1723062628185516,0.8576482901061717,-0.6443662952000074,-0.6370370370370371,-0.7880560998136769,0.1271974263866317,0.1723062628185516,0.1738453107253605,-0.794694632942628
2024-02-05,0.8672101449275362,0.8089673913043478,0.7757548309178743,0.8904690230177732,0.8404278220116458,0.7894299807360307,2024,Q1,0.1158462396066772,0.0,0.0922776828236802,0.0434355313444381,0.1386108324298061,0.1723062628185516,0.8576482901061717,-0.6443662952000074,-0.6370370370370371,-0.7880560998136769,0.1271974263866317,0.1723062628185516,0.1738453107253605,-0.794694632942628
2024-02-06,0.9025782688766114,0.8340239410681399,0.7928483732351135,0.9224594184417038,0.8682282730209718,0.8089893914383073,2024,Q1,0.1158462396066772,0.0,0.0922776828236802,0.0434355313444381,0.1386108324298061,0.1723062628185516,0.8576482901061717,-0.6443662952000074,-0.6370370370370371,-0.7880560998136769,0.1271974263866317,0.1723062628185516,0.1738453107253605,-0.794694632942628
2024-02-07,0.9030575539568344,0.8275179856115108,0.7787470023980816,0.918910918561904,0.862411021990182,0.7969569858918814,2024,Q1,0.1158462396066772,0.0,0.0922776828236802,0.0434355313444381,0.1386108324298061,0.1723062628185516,0.8576482901061717,-0.6443662952000074,-0.6370370370370371,-0.7880560998136769,0.1271974263866317,0.1723062628185516,0.1738453107253605,-0.794694632942628
2024-02-08,0.9098056537102474,0.8264575971731449,0.769640753828033,0.9203710627182408,0.8617289278398353,0.7899952779122191,2024,Q1,0.1158462396066772,0.0,0.0922776828236802,0.0434355313444381,0.1386108324298061,0.1723062628185516,0.8576482901061717,-0.6443662952000074,-0.6370370370370371,-0.7880560998136769,0.1271974263866317,0.1723062628185516,0.1738453107253605,-0.794694632942628
2024-02-13,0.947027027027027,0.8554954954954955,0.7891591591591592,0.949773987467112,0.8903503123114191,0.8120248799468511,2024,Q1,0.1158462396066772,0.0,0.0922776828236802,0.0434355313444381,0.1386108324298061,0.1723062628185516,0.8576482901061717,-0.6443662952000074,-0.6370370370370371,-0.7880560998136769,0.1271974263866317,0.1723062628185516,0.1738453107253605,-0.794694632942628
2024-02-14,0.997378277153558,0.8993445692883895,0.8237827715355805,0.9894656226418496,0.932472270672723,0.8490745592760988,2024,Q1,0.1158462396066772,0.0,0.0922776828236802,0.0434355313444381,0.1386108324298061,0.1723062628185516,0.8576482901061717,-0.6443662952000074,-0.6370370370370371,-0.7880560998136769,0.1271974263866317,0.1723062628185516,0.1738453107253605,-0.794694632942628
2024-02-15,1.0175471698113208,0.9169339622641508,0.8334591194968554,0.9974908717695934,0.9452707689349008,0.8602209422998073,2024,Q1,0.1158462396066772,0.0,0.0922776828236802,0.0434355313444381,0.1386108324298061,0.1723062628185516,0.8576482901061717,-0.6443662952000074,-0.6370370370370371,-0.7880560998136769,0.1271974263866317,0.1723062628185516,0.1738453107253605,-0.794694632942628
2024-02-16,0.9824057450628366,0.8854129263913824,0.797277079593058,0.9583860712160862,0.9090259590642432,0.8244726981697906,2024,Q1,0.1158462396066772,0.0,0.0922776828236802,0.0434355313444381,0.1386108324298061,0.1723062628185516,0.8576482901061717,-0.6443662952000074,-0.6370370370370371,-0.7880560998136769,0.1271974263866317,0.1723062628185516,0.1738453107253605,-0.794694632942628
2024-02-19,0.9407470288624789,0.8524193548387097,0.7588568194680249,0.9233507292801728,0.8730068497677165,0.7869032335983142,2024,Q1,0.1158462396066772,0.0,0.0922776828236802,0.0434355313444381,0.1386108324298061,0.1723062628185516,0.8576482901061717,-0.6443662952000074,-0.6370370370370371,-0.7880560998136769,0.1271974263866317,0.1723062628185516,0.1738453107253605,-0.794694632942628
2024-02-20,0.986476868327402,0.9067170818505338,0.7995551601423487,0.973581723700129,0.9230486066556952,0.8304554655730416,2024,Q1,0.1158462396066772,0.0,0.0922776828236802,0.0434355313444381,0.1386108324298061,0.1723062628185516,0.8576482901061717,-0.6443662952000074,-0.6370370370370371,-0.7880560998136769,0.1271974263866317,0.1723062628185516,0.1738453107253605,-0.794694632942628
2024-02-21,0.9914285714285714,0.923125,0.8066369047619047,0.9812299283239044,0.9333599508392444,0.8388829721156591,2024,Q1,0.1158462396066772,0.0,0.0922776828236802,0.0434355313444381,0.1386108324298061,0.1723062628185516,0.8576482901061717,-0.6443662952000074,-0.6370370370370371,-0.7880560998136769,0.1271974263866317,0.1723062628185516,0.1738453107253605,-0.794694632942628
2024-02-22,0.9787719298245614,0.9192982456140352,0.7967836257309941,0.9705580285091674,0.9248913848729792,0.8299307851222715,2024,Q1,0.1158462396066772,0.0,0.0922776828236802,0.0434355313444381,0.1386108324298061,0.1723062628185516,0.8576482901061717,-0.6443662952000074,-0.6370370370370371,-0.7880560998136769,0.1271974263866317,0.1723062628185516,0.1738453107253605,-0.794694632942628
2024-02-23,0.9528013582342956,0.9026315789473685,0.7759337860780985,0.9502952131890768,0.9050508285370172,0.8096126333508306,2024,Q1,0.1158462396066772,0.0,0.0922776828236802,0.0434355313444381,0.1386108324298061,0.1723062628185516,0.8576482901061717,-0.6443662952000074,-0.6370370370370371,-0.7880560998136769,0.1271974263866317,0.1723062628185516,0.1738453107253605,-0.794694632942628
2024-02-26,1.0108303249097472,0.9701714801444044,0.8291215403128761,1.008453384495454,0.9658263556951828,0.8653266444213384,2024,Q1,0.1158462396066772,0.0,0.0922776828236802,0.0434355313444381,0.1386108324298061,0.1723062628185516,0.8576482901061717,-0.6443662952000074,-0.6370370370370371,-0.7880560998136769,0.1271974263866317,0.1723062628185516,0.1738453107253605,-0.794694632942628
2024-02-27,1.0223034734917733,0.9915904936014626,0.8437233394271785,1.0174752493093455,0.980263621489292,0.8804527437155234,2024,Q1,0.1158462396066772,0.0,0.0922776828236802,0.0434355313444381,0.1386108324298061,0.1723062628185516,0.8576482901061717,-0.6443662952000074,-0.6370370370370371,-0.7880560998136769,0.1271974263866317,0.1723062628185516,0.1738453107253605,-0.794694632942628
2024-02-28,1.0097122302158272,0.9838129496402878,0.8343675059952039,1.0008225396255577,0.9677868977507892,0.8705876694755008,2024,Q1,0.1158462396066772,0.0,0.0922776828236802,0.0434355313444381,0.1386108324298061,0.1723062628185516,0.8576482901061717,-0.6443662952000074,-0.6370370370370371,-0.7880560998136769,0.1271974263866317,0.1723062628185516,0.1738453107253605,-0.794694632942628
2024-02-29,0.9982332155477032,0.975530035335689,0.8240282685512368,0.9862055875821216,0.9553845522328231,0.859953597563411,2024,Q1,0.1158462396066772,0.0,0.0922776828236802,0.0434355313444381,0.1386108324298061,0.1723062628185516,0.8576482901061717,-0.6443662952000074,-0.6370370370370371,-0.7880560998136769,0.1271974263866317,0.1723062628185516,0.1738453107253605,-0.794694632942628
2024-03-04,0.9460132890365448,0.9274916943521596,0.7798311184939092,0.9404607766752232,0.9079422144211186,0.8148055780467445,2024,Q1,0.1158462396066772,0.0,0.0922776828236802,0.0434355313444381,0.1386108324298061,0.1723062628185516,0.8576482901061717,-0.6443662952000074,-0.6370370370370371,-0.7880560998136769,0.1271974263866317,0.1723062628185516,0.1738453107253605,-0.794694632942628
2024-03-05,0.9552763819095478,0.941708542713568,0.7913874930206589,0.9577305448494532,0.9235896186128064,0.8274779504370011,2024,Q1,0.1158462396066772,0.0,0.0922776828236802,0.0434355313444381,0.1386108324298061,0.1723062628185516,0.8576482901061717,-0.6443662952000074,-0.6370370370370371,-0.7880560998136769,0.1271974263866317,0.1723062628185516,0.1738453107253605,-0.794694632942628
2024-03-06,0.9684121621621622,0.9524493243243244,0.8030264639639639,0.9720341243052998,0.9379244726451949,0.8398941030195639,2024,Q1,0.1158462396066772,0.0,0.0922776828236802,0.0434355313444381,0.1386108324298061,0.1723062628185516,0.8576482901061717,-0.6443662952000074,-0.6370370370370371,-0.7880560998136769,0.1271974263866317,0.1723062628185516,0.1738453107253605,-0.794694632942628
2024-03-07,0.9650501672240802,0.9467391304347826,0.8000418060200669,0.9691392238216232,0.9353220630923038,0.8369927416598315,2024,Q1,0.1158462396066772,0.0,0.0922776828236802,0.0434355313444381,0.1386108324298061,0.1723062628185516,0.8576482901061717,-0.6443662952000074,-0.6370370370370371,-0.7880560998136769,0.1271974263866317,0.1723062628185516,0.1738453107253605,-0.794694632942628
2024-03-08,0.9711892797319932,0.9528475711892798,0.8065605806811836,0.9760784684951996,0.9428993603617096,0.8436932726814996,2024,Q1,0.1158462396066772,0.0,0.0922776828236802,0.0434355313444381,0.1386108324298061,0.1723062628185516,0.8576482901061717,-0.6443662952000074,-0.6370370370370371,-0.7880560998136769,0.1271974263866317,0.1723062628185516,0.1738453107253605,-0.794694632942628
2024-03-11,0.9754621848739496,0.959327731092437,0.814327731092437,0.9831122400648904,0.9512050775976688,0.8515610454239004,2024,Q1,0.1158462396066772,0.0,0.0922776828236802,0.0434355313444381,0.1386108324298061,0.1723062628185516,0.8576482901061717,-0.6443662952000074,-0.6370370370370371,-0.7880560998136769,0.1271974263866317,0.1723062628185516,0.1738453107253605,-0.794694632942628
2024-03-12,0.9823529411764704,0.961764705882353,0.8193417366946779,0.986182741871274,0.9558522130645576,0.8564278963936085,2024,Q1,0.1158462396066772,0.0,0.0922776828236802,0.0434355313444381,0.1386108324298061,0.1723062628185516,0.8576482901061717,-0.6443662952000074,-0.6370370370370371,-0.7880560998136769,0.1271974263866317,0.1723062628185516,0.1738453107253605,-0.794694632942628
2024-03-13,0.9713815789473684,0.9455592105263158,0.8069490131578947,0.9714426708613446,0.9415655755556722,0.8434237840513812,2024,Q1,0.1158462396066772,0.0,0.0922776828236802,0.0434355313444381,0.1386108324298061,0.1723062628185516,0.8576482901061717,-0.6443662952000074,-0.6370370370370371,-0.7880560998136769,0.1271974263866317,0.1723062628185516,0.1738453107253605,-0.794694632942628
2024-03-14,0.9281733746130032,0.8986068111455109,0.7654024767801858,0.9298809871873456,0.8970194256832614,0.8005709278153363,2024,Q1,0.1158462396066772,0.0,0.0922776828236802,0.0434355313444381,0.1386108324298061,0.1723062628185516,0.8576482901061717,-0.6443662952000074,-0.6370370370370371,-0.7880560998136769,0.1271974263866317,0.1723062628185516,0.1738453107253605,-0.794694632942628
2024-03-15,0.9743961352657003,0.942109500805153,0.8016505636070853,0.973258389621904,0.9394997646527375,0.8382819973800515,2024,Q1,0.1158462396066772,0.0,0.0922776828236802,0.0434355313444381,0.1386108324298061,0.1723062628185516,0.8576482901061717,-0.6443662952000074,-0.6370370370370371,-0.7880560998136769,0.1271974263866317,0.1723062628185516,0.1738453107253605,-0.794694632942628
2024-03-18,0.9788709677419356,0.9487096774193547,0.8080645161290323,0.9794048591784198,0.94663269762962,0.8448919646220969,2024,Q1,0.1158462396066772,0.0,0.0922776828236802,0.0434355313444381,0.1386108324298061,0.1723062628185516,0.8576482901061717,-0.6443662952000074,-0.6370370370370371,-0.7880560998136769,0.1271974263866317,0.1723062628185516,0.1738453107253605,-0.794694632942628
2024-03-19,0.9912052117263844,0.9600162866449512,0.8211319218241042,0.9909800287556384,0.9600847819200344,0.8579630497644124,2024,Q1,0.1158462396066772,0.0,0.0922776828236802,0.0434355313444381,0.1386108324298061,0.1723062628185516,0.8576482901061717,-0.6443662952000074,-0.6370370370370371,-0.7880560998136769,0.1271974263866317,0.1723062628185516,0.1738453107253605,-0.794694632942628
2024-03-20,0.9861290322580644,0.9554032258064517,0.818508064516129,0.9847735540914454,0.9554799589768912,0.8545893559165946,2024,Q1,0.1158462396066772,0.0,0.0922776828236802,0.0434355313444381,0.1386108324298061,0.1723062628185516,0.8576482901061717,-0.6443662952000074,-0.6370370370370371,-0.7880560998136769,0.1271974263866317,0.1723062628185516,0.1738453107253605,-0.794694632942628
2024-03-21,0.9632237871674492,0.9331768388106416,0.7996218049034951,0.9635846396116468,0.9340154942058108,0.8347797182952111,2024,Q1,0.1158462396066772,0.0,0.0922776828236802,0.0434355313444381,0.1386108324298061,0.1723062628185516,0.8576482901061717,-0.6443662952000074,-0.6370370370370371,-0.7880560998136769,0.1271974263866317,0.1723062628185516,0.1738453107253605,-0.794694632942628
2024-03-22,0.9684375,0.9371875,0.803828125,0.9689737588645712,0.9389793240441034,0.8389351987563461,2024,Q1,0.1158462396066772,0.0,0.0922776828236802,0.0434355313444381,0.1386108324298061,0.1723062628185516,0.8576482901061717,-0.6443662952000074,-0.6370370370370371,-0.7880560998136769,0.1271974263866317,0.1723062628185516,0.1738453107253605,-0.794694632942628
2024-03-25,0.9950479233226835,0.9611022364217252,0.8270500532481364,0.9923451715161096,0.9637903986289592,0.8623629891855558,2024,Q1,0.1158462396066772,0.0,0.0922776828236802,0.0434355313444381,0.1386108324298061,0.1723062628185516,0.8576482901061717,-0.6443662952000074,-0.6370370370370371,-0.7880560998136769,0.1271974263866317,0.1723062628185516,0.1738453107253605,-0.794694632942628
2024-03-26,1.0175895765472314,0.984771986970684,0.8480863192182411,1.009605077927415,0.9842812937252088,0.883177087696356,2024,Q1,0.1158462396066772,0.0,0.0922776828236802,0.0434355313444381,0.1386108324298061,0.1723062628185516,0.8576482901061717,-0.6443662952000074,-0.6370370370370371,-0.7880560998136769,0.1271974263866317,0.1723062628185516,0.1738453107253605,-0.794694632942628
2024-03-27,1.0575551782682513,1.0301358234295417,0.8886389360498019,1.0429198426650557,1.0235771341740063,0.9232645823398422,2024,Q1,0.1158462396066772,0.0,0.0922776828236802,0.0434355313444381,0.1386108324298061,0.1723062628185516,0.8576482901061717,-0.6443662952000074,-0.6370370370370371,-0.7880560998136769,0.1271974263866317,0.1723062628185516,0.1738453107253605,-0.794694632942628
2024-03-28,1.0478777589134125,1.032937181663837,0.8930249009620825,1.035116234907773,1.021331692824101,0.9257804976729622,2024,Q1,0.1158462396066772,0.0,0.0922776828236802,0.0434355313444381,0.1386108324298061,0.1723062628185516,0.8576482901061717,-0.6443662952000074,-0.6370370370370371,-0.7880560998136769,0.1271974263866317,0.1723062628185516,0.1738453107253605,-0.794694632942628
2024-03-29,1.062045060658579,1.055372616984402,0.9159012131715772,1.0463449127534432,1.0385180304031123,0.946836323397821,2024,Q1,0.1158462396066772,0.0,0.0922776828236802,0.0434355313444381,0.1386108324298061,0.1723062628185516,0.8576482901061717,-0.6443662952000074,-0.6370370370370371,-0.7880560998136769,0.1271974263866317,0.1723062628185516,0.1738453107253605,-0.794694632942628
2024-04-01,1.0765957446808512,1.0763297872340425,0.9411643026004728,1.0576513752302756,1.0565073596174706,0.969688087357052,2024,Q2,-0.0696141912083904,0.0,-0.0344435569424151,-0.0339085231561944,-1.023873213558974,-1.0070405926315422,-0.3102164002865172,0.0191509901635922,0.05466472303207,0.0203783470616387,-1.021901614838418,-1.0070405926315422,-1.0068618675801646,0.1081730769230768
2024-04-02,1.0660176991150443,1.0715929203539822,0.9439675516224189,1.045637712094751,1.0494338698407768,0.9690219293455176,2024,Q2,-0.0696141912083904,0.0,-0.0344435569424151,-0.0339085231561944,-1.023873213558974,-1.0070405926315422,-0.3102164002865172,0.0191509901635922,0.05466472303207,0.0203783470616387,-1.021901614838418,-1.0070405926315422,-1.0068618675801646,0.1081730769230768
2024-04-03,1.0717625899280576,1.0857014388489208,0.9634742206235012,1.0511883201441807,1.0600952888609745,0.9852089283740072,2024,Q2,-0.0696141912083904,0.0,-0.0344435569424151,-0.0339085231561944,-1.023873213558974,-1.0070405926315422,-0.3102164002865172,0.0191509901635922,0.05466472303207,0.0203783470616387,-1.021901614838418,-1.0070405926315422,-1.0068618675801646,0.1081730769230768
2024-04-04,1.0125214408233276,1.0341337907375645,0.9237278444825616,1.0020499538439858,1.0099523508557815,0.9415626827427646,2024,Q2,-0.0696141912083904,0.0,-0.0344435569424151,-0.0339085231561944,-1.023873213558974,-1.0070405926315422,-0.3102164002865172,0.0191509901635922,0.05466472303207,0.0203783470616387,-1.021901614838418,-1.0070405926315422,-1.0068618675801646,0.1081730769230768
2024-04-05,1.0105536332179932,1.0414359861591695,0.9363754325259516,1.0087694413053463,1.0169090616600345,0.9513566168898656,2024,Q2,-0.0696141912083904,0.0,-0.0344435569424151,-0.0339085231561944,-1.023873213558974,-1.0070405926315422,-0.3102164002865172,0.0191509901635922,0.05466472303207,0.0203783470616387,-1.021901614838418,-1.0070405926315422,-1.0068618675801646,0.1081730769230768
2024-04-08,0.980912162162162,1.016554054054054,0.9193130630630632,0.9876564240894368,0.9935404854529034,0.931190832664438,2024,Q2,-0.0696141912083904,0.0,-0.0344435569424151,-0.0339085231561944,-1.023873213558974,-1.0070405926315422,-0.3102164002865172,0.0191509901635922,0.05466472303207,0.0203783470616387,-1.021901614838418,-1.0070405926315422,-1.0068618675801646,0.1081730769230768
2024-04-09,0.9938037865748708,1.0345955249569707,0.9415519219736088,1.005200035604525,1.0111747709510908,0.9504989532830196,2024,Q2,-0.0696141912083904,0.0,-0.0344435569424151,-0.0339085231561944,-1.023873213558974,-1.0070405926315422,-0.3102164002865172,0.0191509901635922,0.05466472303207,0.0203783470616387,-1.021901614838418,-1.0070405926315422,-1.0068618675801646,0.1081730769230768
2024-04-11,0.9939655172413792,1.0339655172413793,0.9479310344827586,1.0056725683661538,1.0116878732782506,0.9537069988577904,2024,Q2,-0.0696141912083904,0.0,-0.0344435569424151,-0.0339085231561944,-1.023873213558974,-1.0070405926315422,-0.3102164002865172,0.0191509901635922,0.05466472303207,0.0203783470616387,-1.021901614838418,-1.0070405926315422,-1.0068618675801646,0.1081730769230768
2024-04-12,1.041090909090909,1.0816363636363635,1.0034242424242426,1.0495224474167475,1.0605021959763048,1.00553959764273,2024,Q2,-0.0696141912083904,0.0,-0.0344435569424151,-0.0339085231561944,-1.023873213558974,-1.0070405926315422,-0.3102164002865172,0.0191509901635922,0.05466472303207,0.0203783470616387,-1.021901614838418,-1.0070405926315422,-1.0068618675801646,0.1081730769230768
2024-04-15,1.02942238267148,1.067779783393502,1.0003459687123946,1.0343183647379224,1.0478122698944805,0.998335797582606,2024,Q2,-0.0696141912083904,0.0,-0.0344435569424151,-0.0339085231561944,-1.023873213558974,-1.0070405926315422,-0.3102164002865172,0.0191509901635922,0.05466472303207,0.0203783470616387,-1.021901614838418,-1.0070405926315422,-1.0068618675801646,0.1081730769230768
2024-04-16,1.0587686567164178,1.09580223880597,1.037764303482587,1.0564978572902444,1.075095233911629,1.0308173440110429,2024,Q2,-0.0696141912083904,0.0,-0.0344435569424151,-0.0339085231561944,-1.023873213558974,-1.0070405926315422,-0.3102164002865172,0.0191509901635922,0.05466472303207,0.0203783470616387,-1.021901614838418,-1.0070405926315422,-1.0068618675801646,0.1081730769230768
2024-04-17,1.077055449330784,1.11434034416826,1.0671287444231996,1.0677117440584285,1.092121447888194,1.0545894645332794,2024,Q2,-0.0696141912083904,0.0,-0.0344435569424151,-0.0339085231561944,-1.023873213558974,-1.0070405926315422,-0.3102164002865172,0.0191509901635922,0.05466472303207,0.0203783470616387,-1.021901614838418,-1.0070405926315422,-1.0068618675801646,0.1081730769230768
2024-04-18,1.0489719626168224,1.0814018691588785,1.04702492211838,1.0358061477116438,1.0611847643671546,1.0299208551280343,2024,Q2,-0.0696141912083904,0.0,-0.0344435569424151,-0.0339085231561944,-1.023873213558974,-1.0070405926315422,-0.3102164002865172,0.0191509901635922,0.05466472303207,0.0203783470616387,-1.021901614838418,-1.0070405926315422,-1.0068618675801646,0.1081730769230768
2024-04-19,1.0597328244274808,1.0931297709923664,1.0725508905852417,1.047086502642534,1.075512825317351,1.0498514513864474,2024,Q2,-0.0696141912083904,0.0,-0.0344435569424151,-0.0339085231561944,-1.023873213558974,-1.0070405926315422,-0.3102164002865172,0.0191509901635922,0.05466472303207,0.0203783470616387,-1.021901614838418,-1.0070405926315422,-1.0068618675801646,0.1081730769230768
2024-04-22,0.9728070175438596,0.9987719298245614,0.9901169590643274,0.9693875512698868,0.9897916197877648,0.9662699876636012,2024,Q2,-0.0696141912083904,0.0,-0.0344435569424151,-0.0339085231561944,-1.023873213558974,-1.0070405926315422,-0.3102164002865172,0.0191509901635922,0.05466472303207,0.0203783470616387,-1.021901614838418,-1.0070405926315422,-1.0068618675801646,0.1081730769230768
2024-04-23,0.9598958333333332,0.9840277777777776,0.9838541666666668,0.9666916253179482,0.981435453232597,0.9576405875776102,2024,Q2,-0.0696141912083904,0.0,-0.0344435569424151,-0.0339085231561944,-1.023873213558974,-1.0070405926315422,-0.3102164002865172,0.0191509901635922,0.05466472303207,0.0203783470616387,-1.021901614838418,-1.0070405926315422,-1.0068618675801646,0.1081730769230768
2024-04-24,0.9757522123893804,0.998849557522124,1.0067699115044249,0.9881463211018896,1.0004913274485918,0.97706246128645,2024,Q2,-0.0696141912083904,0.0,-0.0344435569424151,-0.0339085231561944,-1.023873213558974,-1.0070405926315422,-0.3102164002865172,0.0191509901635922,0.05466472303207,0.0203783470616387,-1.021901614838418,-1.0070405926315422,-1.0068618675801646,0.1081730769230768
2024-04-25,0.9715547703180212,0.995053003533569,1.0084511189634866,0.9888731196278684,0.9988452296954932,0.9761448516186008,2024,Q2,-0.0696141912083904,0.0,-0.0344435569424151,-0.0339085231561944,-1.023873213558974,-1.0070405926315422,-0.3102164002865172,0.0191509901635922,0.05466472303207,0.0203783470616387,-1.021901614838418,-1.0070405926315422,-1.0068618675801646,0.1081730769230768
2024-04-26,0.9248333333333332,0.9395833333333332,0.9550833333333332,0.9450484350582364,0.947744571440106,0.923425715162611,2024,Q2,-0.0696141912083904,0.0,-0.0344435569424151,-0.0339085231561944,-1.023873213558974,-1.0070405926315422,-0.3102164002865172,0.0191509901635922,0.05466472303207,0.0203783470616387,-1.021901614838418,-1.0070405926315422,-1.0068618675801646,0.1081730769230768
2024-04-29,0.9366834170854272,0.9459798994974874,0.9636236739251816,0.9589251635928852,0.9570302396440304,0.9304245357046552,2024,Q2,-0.0696141912083904,0.0,-0.0344435569424151,-0.0339085231561944,-1.023873213558974,-1.0070405926315422,-0.3102164002865172,0.0191509901635922,0.05466472303207,0.0203783470616387,-1.021901614838418,-1.0070405926315422,-1.0068618675801646,0.1081730769230768
2024-04-30,0.961328790459966,0.9640545144804088,0.9831345826235094,0.9797591612179916,0.9758736114449772,0.9480365130037444,2024,Q2,-0.0696141912083904,0.0,-0.0344435569424151,-0.0339085231561944,-1.023873213558974,-1.0070405926315422,-0.3102164002865172,0.0191509901635922,0.05466472303207,0.0203783470616387,-1.021901614838418,-1.0070405926315422,-1.0068618675801646,0.1081730769230768
2024-05-02,0.9982456140350876,0.9932456140350876,1.0139181286549708,1.007347312394681,1.0045044601876216,0.9770879653396224,2024,Q2,-0.0696141912083904,0.0,-0.0344435569424151,-0.0339085231561944,-1.023873213558974,-1.0070405926315422,-0.3102164002865172,0.0191509901635922,0.05466472303207,0.0203783470616387,-1.021901614838418,-1.0070405926315422,-1.0068618675801646,0.1081730769230768
2024-05-03,0.988793103448276,0.9781896551724136,0.9970402298850576,0.9918012088690774,0.9884058541733942,0.9615451745158708,2024,Q2,-0.0696141912083904,0.0,-0.0344435569424151,-0.0339085231561944,-1.023873213558974,-1.0070405926315422,-0.3102164002865172,0.0191509901635922,0.05466472303207,0.0203783470616387,-1.021901614838418,-1.0070405926315422,-1.0068618675801646,0.1081730769230768
2024-05-07,0.9969018932874356,0.9763339070567988,0.9961560527825588,0.9918952136280056,0.9879708641087456,0.9612052671181144,2024,Q2,-0.0696141912083904,0.0,-0.0344435569424151,-0.0339085231561944,-1.023873213558974,-1.0070405926315422,-0.3102164002865172,0.0191509901635922,0.05466472303207,0.0203783470616387,-1.021901614838418,-1.0070405926315422,-1.0068618675801646,0.1081730769230768
2024-05-08,0.9617161716171616,0.9383663366336632,0.9567931793179316,0.9598889997090972,0.9522403244457364,0.9241236636785652,2024,Q2,-0.0696141912083904,0.0,-0.0344435569424151,-0.0339085231561944,-1.023873213558974,-1.0070405926315422,-0.3102164002865172,0.0191509901635922,0.05466472303207,0.0203783470616387,-1.021901614838418,-1.0070405926315422,-1.0068618675801646,0.1081730769230768
2024-05-09,0.982689075630252,0.9559663865546218,0.9755742296918768,0.981701238260262,0.9727166943311892,0.9431358994672384,2024,Q2,-0.0696141912083904,0.0,-0.0344435569424151,-0.0339085231561944,-1.023873213558974,-1.0070405926315422,-0.3102164002865172,0.0191509901635922,0.05466472303207,0.0203783470616387,-1.021901614838418,-1.0070405926315422,-1.0068618675801646,0.1081730769230768
2024-05-10,0.9505636070853464,0.9191626409017714,0.9362050456253356,0.9513995214293228,0.93846807985692,0.9068077862463348,2024,Q2,-0.0696141912083904,0.0,-0.0344435569424151,-0.0339085231561944,-1.023873213558974,-1.0070405926315422,-0.3102164002865172,0.0191509901635922,0.05466472303207,0.0203783470616387,-1.021901614838418,-1.0070405926315422,-1.0068618675801646,0.1081730769230768
2024-05-13,0.9391509433962264,0.9018867924528302,0.9162473794549266,0.9418770619308868,0.9243025512302934,0.8891775049046156,2024,Q2,-0.0696141912083904,0.0,-0.0344435569424151,-0.0339085231561944,-1.023873213558974,-1.0070405926315422,-0.3102164002865172,0.0191509901635922,0.05466472303207,0.0203783470616387,-1.021901614838418,-1.0070405926315422,-1.0068618675801646,0.1081730769230768
2024-05-14,0.9750814332247556,0.9394136807817588,0.9512486427795872,0.9800568999840682,0.96147603761958,0.9236262266791476,2024,Q2,-0.0696141912083904,0.0,-0.0344435569424151,-0.0339085231561944,-1.023873213558974,-1.0070405926315422,-0.3102164002865172,0.0191509901635922,0.05466472303207,0.0203783470616387,-1.021901614838418,-1.0070405926315422,-1.0068618675801646,0.1081730769230768
2024-05-16,0.9474842767295596,0.9133647798742138,0.9211215932914046,0.9559454587352716,0.9350538675404328,0.8952284691122487,2024,Q2,-0.0696141912083904,0.0,-0.0344435569424151,-0.0339085231561944,-1.023873213558974,-1.0070405926315422,-0.3102164002865172,0.0191509901635922,0.05466472303207,0.0203783470616387,-1.021901614838418,-1.0070405926315422,-1.0068618675801646,0.1081730769230768
2024-05-17,0.9619651347068146,0.9281299524564184,0.9303750660327522,0.970152975911352,0.9479428673578288,0.9055247479922066,2024,Q2,-0.0696141912083904,0.0,-0.0344435569424151,-0.0339085231561944,-1.023873213558974,-1.0070405926315422,-0.3102164002865172,0.0191509901635922,0.05466472303207,0.0203783470616387,-1.021901614838418,-1.0070405926315422,-1.0068618675801646,0.1081730769230768
2024-05-20,0.9553654743390356,0.920139968895801,0.9144116122343182,0.9607661176587826,0.9368945446754802,0.892277001835705,2024,Q2,-0.0696141912083904,0.0,-0.0344435569424151,-0.0339085231561944,-1.023873213558974,-1.0070405926315422,-0.3102164002865172,0.0191509901635922,0.05466472303207,0.0203783470616387,-1.021901614838418,-1.0070405926315422,-1.0068618675801646,0.1081730769230768
2024-05-21,0.9774447949526814,0.9410094637223976,0.9292849631966352,0.979058434598706,0.9549377085999956,0.9080600046191536,2024,Q2,-0.0696141912083904,0.0,-0.0344435569424151,-0.0339085231561944,-1.023873213558974,-1.0070405926315422,-0.3102164002865172,0.0191509901635922,0.05466472303207,0.0203783470616387,-1.021901614838418,-1.0070405926315422,-1.0068618675801646,0.1081730769230768
2024-05-22,1.0014446227929374,0.965569823434992,0.947378277153558,0.9970096932467848,0.9744844177784564,0.9265819154483608,2024,Q2,-0.0696141912083904,0.0,-0.0344435569424151,-0.0339085231561944,-1.023873213558974,-1.0070405926315422,-0.3102164002865172,0.0191509901635922,0.05466472303207,0.0203783470616387,-1.021901614838418,-1.0070405926315422,-1.0068618675801646,0.1081730769230768
2024-05-23,1.0189233278955954,0.9848287112561176,0.9640021750951604,1.0108606480846394,0.9912974483992534,0.9436090034534644,2024,Q2,-0.0696141912083904,0.0,-0.0344435569424151,-0.0339085231561944,-1.023873213558974,-1.0070405926315422,-0.3102164002865172,0.0191509901635922,0.05466472303207,0.0203783470616387,-1.021901614838418,-1.0070405926315422,-1.0068618675801646,0.1081730769230768
2024-05-24,1.0248772504091652,0.9909165302782325,0.9677577741407528,1.0115932443807405,0.995062066986681,0.9484453550455164,2024,Q2,-0.0696141912083904,0.0,-0.0344435569424151,-0.0339085231561944,-1.023873213558974,-1.0070405926315422,-0.3102164002865172,0.0191509901635922,0.05466472303207,0.0203783470616387,-1.021901614838418,-1.0070405926315422,-1.0068618675801646,0.1081730769230768
2024-05-27,1.0054574638844302,0.9764847512038524,0.9509630818619582,0.9935431564059084,0.9781912050484124,0.9324660317352796,2024,Q2,-0.0696141912083904,0.0,-0.0344435569424151,-0.0339085231561944,-1.023873213558974,-1.0070405926315422,-0.3102164002865172,0.0191509901635922,0.05466472303207,0.0203783470616387,-1.021901614838418,-1.0070405926315422,-1.0068618675801646,0.1081730769230768
2024-05-28,1.0121555915721232,0.9901134521880064,0.9621015667206916,1.0026221420315202,0.9888746850473148,0.9434506982090408,2024,Q2,-0.0696141912083904,0.0,-0.0344435569424151,-0.0339085231561944,-1.023873213558974,-1.0070405926315422,-0.3102164002865172,0.0191509901635922,0.05466472303207,0.0203783470616387,-1.021901614838418,-1.0070405926315422,-1.0068618675801646,0.1081730769230768
2024-05-29,1.015609756097561,0.9945528455284552,0.9668292682926828,1.0048131196897314,0.9928438198071756,0.9482723115261552,2024,Q2,-0.0696141912083904,0.0,-0.0344435569424151,-0.0339085231561944,-1.023873213558974,-1.0070405926315422,-0.3102164002865172,0.0191509901635922,0.05466472303207,0.0203783470616387,-1.021901614838418,-1.0070405926315422,-1.0068618675801646,0.1081730769230768
2024-05-30,1.0211822660098522,1.0053366174055829,0.9775314723590586,1.012037709730208,1.0023754816206776,0.9590045714212102,2024,Q2,-0.0696141912083904,0.0,-0.0344435569424151,-0.0339085231561944,-1.023873213558974,-1.0070405926315422,-0.3102164002865172,0.0191509901635922,0.05466472303207,0.0203783470616387,-1.021901614838418,-1.0070405926315422,-1.0068618675801646,0.1081730769230768
2024-05-31,1.005672609400324,0.9947325769854132,0.9652620205294437,0.9991128167130204,0.99039026764165,0.9483219506266574,2024,Q2,-0.0696141912083904,0.0,-0.0344435569424151,-0.0339085231561944,-1.023873213558974,-1.0070405926315422,-0.3102164002865172,0.0191509901635922,0.05466472303207,0.0203783470616387,-1.021901614838418,-1.0070405926315422,-1.0068618675801646,0.1081730769230768
2024-06-03,0.9870813397129188,0.9834130781499204,0.9506645401382244,0.9862365479494568,0.9770141343937924,0.9353874544058934,2024,Q2,-0.0696141912083904,0.0,-0.0344435569424151,-0.0339085231561944,-1.023873213558974,-1.0070405926315422,-0.3102164002865172,0.0191509901635922,0.05466472303207,0.0203783470616387,-1.021901614838418,-1.0070405926315422,-1.0068618675801646,0.1081730769230768
2024-06-04,1.0197019867549668,1.0228476821192054,0.98719646799117,1.0194661107884986,1.0128641897692563,0.9719571192280212,2024,Q2,-0.0696141912083904,0.0,-0.0344435569424151,-0.0339085231561944,-1.023873213558974,-1.0070405926315422,-0.3102164002865172,0.0191509901635922,0.05466472303207,0.0203783470616387,-1.021901614838418,-1.0070405926315422,-1.0068618675801646,0.1081730769230768
2024-06-05,1.0273031825795644,1.0361809045226131,0.9987437185929648,1.0257069861803378,1.0223840984120591,0.9838993849248914,2024,Q2,-0.0696141912083904,0.0,-0.0344435569424151,-0.0339085231561944,-1.023873213558974,-1.0070405926315422,-0.3102164002865172,0.0191509901635922,0.05466472303207,0.0203783470616387,-1.021901614838418,-1.0070405926315422,-1.0068618675801646,0.1081730769230768
2024-06-07,1.013907284768212,1.0240066225165565,0.9873620309050772,1.0113069892755802,1.009531916452853,0.97339832904162,2024,Q2,-0.0696141912083904,0.0,-0.0344435569424151,-0.0339085231561944,-1.023873213558974,-1.0070405926315422,-0.3102164002865172,0.0191509901635922,0.05466472303207,0.0203783470616387,-1.021901614838418,-1.0070405926315422,-1.0068618675801646,0.1081730769230768
2024-06-10,1.0234505862646566,1.0361809045226131,0.9989949748743718,1.0189530674131344,1.019333833709256,0.98530968651254,2024,Q2,-0.0696141912083904,0.0,-0.0344435569424151,-0.0339085231561944,-1.023873213558974,-1.0070405926315422,-0.3102164002865172,0.0191509901635922,0.05466472303207,0.0203783470616387,-1.021901614838418,-1.0070405926315422,-1.0068618675801646,0.1081730769230768
2024-06-11,1.0190954773869347,1.0341708542713568,0.9990508096035736,1.0155070551562009,1.0174925162131363,0.9857913361350796,2024,Q2,-0.0696141912083904,0.0,-0.0344435569424151,-0.0339085231561944,-1.023873213558974,-1.0070405926315422,-0.3102164002865172,0.0191509901635922,0.05466472303207,0.0203783470616387,-1.021901614838418,-1.0070405926315422,-1.0068618675801646,0.1081730769230768
2024-06-12,1.0066334991708126,1.021144278606965,0.988971807628524,1.0044202332812104,1.006666478038822,0.9767699272132754,2024,Q2,-0.0696141912083904,0.0,-0.0344435569424151,-0.0339085231561944,-1.023873213558974,-1.0070405926315422,-0.3102164002865172,0.0191509901635922,0.05466472303207,0.0203783470616387,-1.021901614838418,-1.0070405926315422,-1.0068618675801646,0.1081730769230768
2024-06-13,1.015268456375839,1.0316275167785234,0.99918903803132,1.013268548812863,1.0167288142290498,0.98862756355118,2024,Q2,-0.0696141912083904,0.0,-0.0344435569424151,-0.0339085231561944,-1.023873213558974,-1.0070405926315422,-0.3102164002865172,0.0191509901635922,0.05466472303207,0.0203783470616387,-1.021901614838418,-1.0070405926315422,-1.0068618675801646,0.1081730769230768
2024-06-14,1.028668941979522,1.0449658703071671,1.0152445961319685,1.0250034898901952,1.0308335033585043,1.0053180676079476,2024,Q2,-0.0696141912083904,0.0,-0.0344435569424151,-0.0339085231561944,-1.023873213558974,-1.0070405926315422,-0.3102164002865172,0.0191509901635922,0.05466472303207,0.0203783470616387,-1.021901614838418,-1.0070405926315422,-1.0068618675801646,0.1081730769230768
2024-06-17,1.024957264957265,1.0428205128205128,1.015982905982906,1.0218909721337823,1.029491267919706,1.00680585314494,2024,Q2,-0.0696141912083904,0.0,-0.0344435569424151,-0.0339085231561944,-1.023873213558974,-1.0070405926315422,-0.3102164002865172,0.0191509901635922,0.05466472303207,0.0203783470616387,-1.021901614838418,-1.0070405926315422,-1.0068618675801646,0.1081730769230768
2024-06-18,1.0193493150684931,1.039554794520548,1.0168664383561643,1.0193424608163704,1.0282775149158134,1.0082501690236243,2024,Q2,-0.0696141912083904,0.0,-0.0344435569424151,-0.0339085231561944,-1.023873213558974,-1.0070405926315422,-0.3102164002865172,0.0191509901635922,0.05466472303207,0.0203783470616387,-1.021901614838418,-1.0070405926315422,-1.0068618675801646,0.1081730769230768
2024-06-19,1.0066101694915257,1.0252542372881357,1.005677966101695,1.0073442178814855,1.0161232692095128,0.9980624569013062,2024,Q2,-0.0696141912083904,0.0,-0.0344435569424151,-0.0339085231561944,-1.023873213558974,-1.0070405926315422,-0.3102164002865172,0.0191509901635922,0.05466472303207,0.0203783470616387,-1.021901614838418,-1.0070405926315422,-1.0068618675801646,0.1081730769230768
2024-06-20,0.987375415282392,1.0030730897009967,0.9846068660022148,0.9895798545682102,0.9962618136243186,0.978883343084104,2024,Q2,-0.0696141912083904,0.0,-0.0344435569424151,-0.0339085231561944,-1.023873213558974,-1.0070405926315422,-0.3102164002865172,0.0191509901635922,0.05466472303207,0.0203783470616387,-1.021901614838418,-1.0070405926315422,-1.0068618675801646,0.1081730769230768
2024-06-21,0.9914858096828046,1.0069282136894824,0.9883973288814693,0.995529466087504,1.0011322540929293,0.9843175396059336,2024,Q2,-0.0696141912083904,0.0,-0.0344435569424151,-0.0339085231561944,-1.023873213558974,-1.0070405926315422,-0.3102164002865172,0.0191509901635922,0.05466472303207,0.0203783470616387,-1.021901614838418,-1.0070405926315422,-1.0068618675801646,0.1081730769230768
2024-06-24,0.9918196994991652,1.0059265442404006,0.9876460767946578,0.9963422904352304,1.001024420369793,0.9848317186352474,2024,Q2,-0.0696141912083904,0.0,-0.0344435569424151,-0.0339085231561944,-1.023873213558974,-1.0070405926315422,-0.3102164002865172,0.0191509901635922,0.05466472303207,0.0203783470616387,-1.021901614838418,-1.0070405926315422,-1.0068618675801646,0.1081730769230768
2024-06-25,0.9833057851239668,0.9944628099173554,0.977603305785124,0.9889228080745796,0.9919448192230316,0.9758823402869063,2024,Q2,-0.0696141912083904,0.0,-0.0344435569424151,-0.0339085231561944,-1.023873213558974,-1.0070405926315422,-0.3102164002865172,0.0191509901635922,0.05466472303207,0.0203783470616387,-1.021901614838418,-1.0070405926315422,-1.0068618675801646,0.1081730769230768
2024-06-26,0.9850993377483444,0.9950331125827816,0.979635761589404,0.9922764434024812,0.9941978632110332,0.9782358087216676,2024,Q2,-0.0696141912083904,0.0,-0.0344435569424151,-0.0339085231561944,-1.023873213558974,-1.0070405926315422,-0.3102164002865172,0.0191509901635922,0.05466472303207,0.0203783470616387,-1.021901614838418,-1.0070405926315422,-1.0068618675801646,0.1081730769230768
2024-06-27,0.9864238410596028,0.9941225165562914,0.9800496688741722,0.993680726420212,0.9947504476671256,0.9789493887635804,2024,Q2,-0.0696141912083904,0.0,-0.0344435569424151,-0.0339085231561944,-1.023873213558974,-1.0070405926315422,-0.3102164002865172,0.0191509901635922,0.05466472303207,0.0203783470616387,-1.021901614838418,-1.0070405926315422,-1.0068618675801646,0.1081730769230768
2024-06-28,0.98500823723229,0.9890444810543656,0.976029654036244,0.9908115064879844,0.9908022387564078,0.9749599054198004,2024,Q2,-0.0696141912083904,0.0,-0.0344435569424151,-0.0339085231561944,-1.023873213558974,-1.0070405926315422,-0.3102164002865172,0.0191509901635922,0.05466472303207,0.0203783470616387,-1.021901614838418,-1.0070405926315422,-1.0068618675801646,0.1081730769230768
2024-07-01,0.9960132890365448,0.9960132890365448,0.985188261351052,0.9992152310395436,0.9991237319710212,0.983613068264237,2024,Q3,-0.0415788083102183,0.0,0.0532943320757643,0.0301057306605909,-35.537363455809334,-108.92408017572762,0.2567696826157875,0.0103427971634111,0.4319281271596407,0.0254023896514268,-38.68051189941625,-108.92408017572762,-111.73432877870124,-0.1268980477223427
2024-07-02,0.9604133545310016,0.9534181240063592,0.9445945945945946,0.96426479574682,0.9604040613433676,0.9433128035291296,2024,Q3,-0.0415788083102183,0.0,0.0532943320757643,0.0301057306605909,-35.537363455809334,-108.92408017572762,0.2567696826157875,0.0103427971634111,0.4319281271596407,0.0254023896514268,-38.68051189941625,-108.92408017572762,-111.73432877870124,-0.1268980477223427
2024-07-03,0.9438080495356036,0.9315789473684212,0.9220588235294118,0.9500004234059594,0.9413083397548714,0.921161281321868,2024,Q3,-0.0415788083102183,0.0,0.0532943320757643,0.0301057306605909,-35.537363455809334,-108.92408017572762,0.2567696826157875,0.0103427971634111,0.4319281271596407,0.0254023896514268,-38.68051189941625,-108.92408017572762,-111.73432877870124,-0.1268980477223427
2024-07-04,0.9351063829787234,0.919224924012158,0.9071428571428573,0.944916062680609,0.9313662297113396,0.9074976599806088,2024,Q3,-0.0415788083102183,0.0,0.0532943320757643,0.0301057306605909,-35.537363455809334,-108.92408017572762,0.2567696826157875,0.0103427971634111,0.4319281271596407,0.0254023896514268,-38.68051189941625,-108.92408017572762,-111.73432877870124,-0.1268980477223427
2024-07-05,0.9389728096676736,0.9180513595166164,0.9037764350453172,0.9502599455087292,0.9328111497519184,0.9052269366491804,2024,Q3,-0.0415788083102183,0.0,0.0532943320757643,0.0301057306605909,-35.537363455809334,-108.92408017572762,0.2567696826157875,0.0103427971634111,0.4319281271596407,0.0254023896514268,-38.68051189941625,-108.92408017572762,-111.73432877870124,-0.1268980477223427
2024-07-08,0.9762870514820592,0.951560062402496,0.934659386375455,0.9847750326678496,0.9668597163345686,0.9370183292407784,2024,Q3,-0.0415788083102183,0.0,0.0532943320757643,0.0301057306605909,-35.537363455809334,-108.92408017572762,0.2567696826157875,0.0103427971634111,0.4319281271596407,0.0254023896514268,-38.68051189941625,-108.92408017572762,-111.73432877870124,-0.1268980477223427
2024-07-09,1.0059294871794873,0.979647435897436,0.9612713675213675,1.0094940506207497,0.9938480223778016,0.9637740698181222,2024,Q3,-0.0415788083102183,0.0,0.0532943320757643,0.0301057306605909,-35.537363455809334,-108.92408017572762,0.2567696826157875,0.0103427971634111,0.4319281271596407,0.0254023896514268,-38.68051189941625,-108.92408017572762,-111.73432877870124,-0.1268980477223427
2024-07-10,1.019448946515397,0.9918962722852512,0.9731766612641816,1.017138439411541,1.0046354984418626,0.9755375336616624,2024,Q3,-0.0415788083102183,0.0,0.0532943320757643,0.0301057306605909,-35.537363455809334,-108.92408017572762,0.2567696826157875,0.0103427971634111,0.4319281271596407,0.0254023896514268,-38.68051189941625,-108.92408017572762,-111.73432877870124,-0.1268980477223427
2024-07-11,1.0170967741935484,0.989032258064516,0.9703494623655914,1.009995565110306,0.9997958485586756,0.9717740041746562,2024,Q3,-0.0415788083102183,0.0,0.0532943320757643,0.0301057306605909,-35.537363455809334,-108.92408017572762,0.2567696826157875,0.0103427971634111,0.4319281271596407,0.0254023896514268,-38.68051189941625,-108.92408017572762,-111.73432877870124,-0.1268980477223427
2024-07-12,1.013301282051282,0.9857371794871796,0.9659989316239316,1.0028810100984131,0.9940167197818376,0.9666743661388432,2024,Q3,-0.0415788083102183,0.0,0.0532943320757643,0.0301057306605909,-35.537363455809334,-108.92408017572762,0.2567696826157875,0.0103427971634111,0.4319281271596407,0.0254023896514268,-38.68051189941625,-108.92408017572762,-111.73432877870124,-0.1268980477223427
2024-07-15,1.022741935483871,0.9949193548387096,0.974489247311828,1.0076509901338253,1.0003888041269942,0.9737991397082932,2024,Q3,-0.0415788083102183,0.0,0.0532943320757643,0.0301057306605909,-35.537363455809334,-108.92408017572762,0.2567696826157875,0.0103427971634111,0.4319281271596407,0.0254023896514268,-38.68051189941625,-108.92408017572762,-111.73432877870124,-0.1268980477223427
2024-07-16,1.019806763285024,0.9962962962962963,0.9755501878690284,1.004932297606023,0.9988942652109494,0.973141483343348,2024,Q3,-0.0415788083102183,0.0,0.0532943320757643,0.0301057306605909,-35.537363455809334,-108.92408017572762,0.2567696826157875,0.0103427971634111,0.4319281271596407,0.0254023896514268,-38.68051189941625,-108.92408017572762,-111.73432877870124,-0.1268980477223427
2024-07-17,1.017258064516129,1.0003225806451612,0.9794086021505376,1.0053616732140858,1.0004572530894005,0.975540211745556,2024,Q3,-0.0415788083102183,0.0,0.0532943320757643,0.0301057306605909,-35.537363455809334,-108.92408017572762,0.2567696826157875,0.0103427971634111,0.4319281271596407,0.0254023896514268,-38.68051189941625,-108.92408017572762,-111.73432877870124,-0.1268980477223427
2024-07-18,1.0140776699029126,1.0048543689320388,0.9851132686084142,1.0070488579780228,1.0033430760820723,0.9793957489960324,2024,Q3,-0.0415788083102183,0.0,0.0532943320757643,0.0301057306605909,-35.537363455809334,-108.92408017572762,0.2567696826157875,0.0103427971634111,0.4319281271596407,0.0254023896514268,-38.68051189941625,-108.92408017572762,-111.73432877870124,-0.1268980477223427
2024-07-19,0.993939393939394,0.9926634768740032,0.972488038277512,0.9939402273559174,0.9899942583242723,0.9664739142911428,2024,Q3,-0.0415788083102183,0.0,0.0532943320757643,0.0301057306605909,-35.537363455809334,-108.92408017572762,0.2567696826157875,0.0103427971634111,0.4319281271596407,0.0254023896514268,-38.68051189941625,-108.92408017572762,-111.73432877870124,-0.1268980477223427
2024-07-22,0.9790880503144654,0.9815251572327044,0.9602987421383647,0.9835341199213038,0.9782720574585996,0.95434502297588,2024,Q3,-0.0415788083102183,0.0,0.0532943320757643,0.0301057306605909,-35.537363455809334,-108.92408017572762,0.2567696826157875,0.0103427971634111,0.4319281271596407,0.0254023896514268,-38.68051189941625,-108.92408017572762,-111.73432877870124,-0.1268980477223427
2024-07-23,0.9851500789889416,0.988388625592417,0.966640337019484,0.9903417065100591,0.9845361876423468,0.96021657582024,2024,Q3,-0.0415788083102183,0.0,0.0532943320757643,0.0301057306605909,-35.537363455809334,-108.92408017572762,0.2567696826157875,0.0103427971634111,0.4319281271596407,0.0254023896514268,-38.68051189941625,-108.92408017572762,-111.73432877870124,-0.1268980477223427
2024-07-24,1.012175324675325,1.0166396103896105,0.9946699134199134,1.0144593716038677,1.0105918930716222,0.9871515982850356,2024,Q3,-0.0415788083102183,0.0,0.0532943320757643,0.0301057306605909,-35.537363455809334,-108.92408017572762,0.2567696826157875,0.0103427971634111,0.4319281271596407,0.0254023896514268,-38.68051189941625,-108.92408017572762,-111.73432877870124,-0.1268980477223427
2024-07-25,1.0220032840722495,1.028735632183908,1.0063492063492063,1.021370765214486,1.0200928545242212,0.9985474087612408,2024,Q3,-0.0415788083102183,0.0,0.0532943320757643,0.0301057306605909,-35.537363455809334,-108.92408017572762,0.2567696826157875,0.0103427971634111,0.4319281271596407,0.0254023896514268,-38.68051189941625,-108.92408017572762,-111.73432877870124,-0.1268980477223427
2024-07-26,0.9818897637795276,0.9888188976377952,0.9661417322834646,0.9832688853458263,0.980389532785884,0.9590501340957828,2024,Q3,-0.0415788083102183,0.0,0.0532943320757643,0.0301057306605909,-35.537363455809334,-108.92408017572762,0.2567696826157875,0.0103427971634111,0.4319281271596407,0.0254023896514268,-38.68051189941625,-108.92408017572762,-111.73432877870124,-0.1268980477223427
2024-07-29,0.9912698412698412,0.9988888888888888,0.97494708994709,0.9926957690838958,0.9892970304657362,0.9677547039786236,2024,Q3,-0.0415788083102183,0.0,0.0532943320757643,0.0301057306605909,-35.537363455809334,-108.92408017572762,0.2567696826157875,0.0103427971634111,0.4319281271596407,0.0254023896514268,-38.68051189941625,-108.92408017572762,-111.73432877870124,-0.1268980477223427
2024-07-30,0.97875,0.984140625,0.9615364583333332,0.9813330981116036,0.9763307629966416,0.9541865355247297,2024,Q3,-0.0415788083102183,0.0,0.0532943320757643,0.0301057306605909,-35.537363455809334,-108.92408017572762,0.2567696826157875,0.0103427971634111,0.4319281271596407,0.0254023896514268,-38.68051189941625,-108.92408017572762,-111.73432877870124,-0.1268980477223427
2024-07-31,0.9723338485316848,0.9735703245749614,0.9528593508500772,0.9760402761167398,0.969027900054402,0.9457035898703672,2024,Q3,-0.0415788083102183,0.0,0.0532943320757643,0.0301057306605909,-35.537363455809334,-108.92408017572762,0.2567696826157875,0.0103427971634111,0.4319281271596407,0.0254023896514268,-38.68051189941625,-108.92408017572762,-111.73432877870124,-0.1268980477223427
2024-08-01,0.9795348837209302,0.9755813953488373,0.957467700258398,0.9828728016670578,0.9746961960405142,0.950320069541785,2024,Q3,-0.0415788083102183,0.0,0.0532943320757643,0.0301057306605909,-35.537363455809334,-108.92408017572762,0.2567696826157875,0.0103427971634111,0.4319281271596407,0.0254023896514268,-38.68051189941625,-108.92408017572762,-111.73432877870124,-0.1268980477223427
2024-08-02,1.0179032258064515,1.011532258064516,0.9964516129032258,1.018412993207811,1.012665275151805,0.9890119049818252,2024,Q3,-0.0415788083102183,0.0,0.0532943320757643,0.0301057306605909,-35.537363455809334,-108.92408017572762,0.2567696826157875,0.0103427971634111,0.4319281271596407,0.0254023896514268,-38.68051189941625,-108.92408017572762,-111.73432877870124,-0.1268980477223427
2024-08-05,1.1008818342151676,1.0995590828924162,1.0887713109935333,1.0929524614557615,1.0971022878381005,1.0787884316140506,2024,Q3,-0.0415788083102183,0.0,0.0532943320757643,0.0301057306605909,-35.537363455809334,-108.92408017572762,0.2567696826157875,0.0103427971634111,0.4319281271596407,0.0254023896514268,-38.68051189941625,-108.92408017572762,-111.73432877870124,-0.1268980477223427
2024-08-06,1.0704152249134948,1.0746539792387544,1.0668108419838522,1.0590337229960287,1.0689638282155096,1.0563477622889794,2024,Q3,-0.0415788083102183,0.0,0.0532943320757643,0.0301057306605909,-35.537363455809334,-108.92408017572762,0.2567696826157875,0.0103427971634111,0.4319281271596407,0.0254023896514268,-38.68051189941625,-108.92408017572762,-111.73432877870124,-0.1268980477223427
2024-08-07,1.0378787878787878,1.0437710437710437,1.0368967452300786,1.024960732633202,1.036344457388386,1.0269793947557204,2024,Q3,-0.0415788083102183,0.0,0.0532943320757643,0.0301057306605909,-35.537363455809334,-108.92408017572762,0.2567696826157875,0.0103427971634111,0.4319281271596407,0.0254023896514268,-38.68051189941625,-108.92408017572762,-111.73432877870124,-0.1268980477223427
2024-08-08,1.0322147651006712,1.038255033557047,1.032913870246085,1.0176083094351889,1.0297366208121863,1.0227615763177735,2024,Q3,-0.0415788083102183,0.0,0.0532943320757643,0.0301057306605909,-35.537363455809334,-108.92408017572762,0.2567696826157875,0.0103427971634111,0.4319281271596407,0.0254023896514268,-38.68051189941625,-108.92408017572762,-111.73432877870124,-0.1268980477223427
2024-08-09,1.0149253731343284,1.0244610281923714,1.0200110558319513,1.0047415908051187,1.0160891964050538,1.010531714912818,2024,Q3,-0.0415788083102183,0.0,0.0532943320757643,0.0301057306605909,-35.537363455809334,-108.92408017572762,0.2567696826157875,0.0103427971634111,0.4319281271596407,0.0254023896514268,-38.68051189941625,-108.92408017572762,-111.73432877870124,-0.1268980477223427
2024-08-12,1.0074380165289256,1.0198347107438015,1.0159228650137742,1.0011619253642945,1.011517821583054,1.0069553399662194,2024,Q3,-0.0415788083102183,0.0,0.0532943320757643,0.0301057306605909,-35.537363455809334,-108.92408017572762,0.2567696826157875,0.0103427971634111,0.4319281271596407,0.0254023896514268,-38.68051189941625,-108.92408017572762,-111.73432877870124,-0.1268980477223427
2024-08-13,0.9957307060755336,1.012151067323481,1.00831964969896,0.9955704856857116,1.0044098333800302,1.000330314681262,2024,Q3,-0.0415788083102183,0.0,0.0532943320757643,0.0301057306605909,-35.537363455809334,-108.92408017572762,0.2567696826157875,0.0103427971634111,0.4319281271596407,0.0254023896514268,-38.68051189941625,-108.92408017572762,-111.73432877870124,-0.1268980477223427
2024-08-14,0.9851307189542484,1.0065359477124185,1.0027777777777778,0.9923829221692492,0.999535183787763,0.995576677831684,2024,Q3,-0.0415788083102183,0.0,0.0532943320757643,0.0301057306605909,-35.537363455809334,-108.92408017572762,0.2567696826157875,0.0103427971634111,0.4319281271596407,0.0254023896514268,-38.68051189941625,-108.92408017572762,-111.73432877870124,-0.1268980477223427
2024-08-16,0.982622950819672,1.0091803278688525,1.0057103825136613,0.9964299754557712,1.002544505627175,0.9988788681307832,2024,Q3,-0.0415788083102183,0.0,0.0532943320757643,0.0301057306605909,-35.537363455809334,-108.92408017572762,0.2567696826157875,0.0103427971634111,0.4319281271596407,0.0254023896514268,-38.68051189941625,-108.92408017572762,-111.73432877870124,-0.1268980477223427
2024-08-19,0.9543720190779016,0.9788553259141496,0.9757551669316376,0.972452748265961,0.974902779939356,0.969732087467145,2024,Q3,-0.0415788083102183,0.0,0.0532943320757643,0.0301057306605909,-35.537363455809334,-108.92408017572762,0.2567696826157875,0.0103427971634111,0.4319281271596407,0.0254023896514268,-38.68051189941625,-108.92408017572762,-111.73432877870124,-0.1268980477223427
2024-08-20,0.9427906976744186,0.9552713178294574,0.9524289405684754,0.9577244549589294,0.955412559841657,0.9474578090734076,2024,Q3,-0.0415788083102183,0.0,0.0532943320757643,0.0301057306605909,-35.537363455809334,-108.92408017572762,0.2567696826157875,0.0103427971634111,0.4319281271596407,0.0254023896514268,-38.68051189941625,-108.92408017572762,-111.73432877870124,-0.1268980477223427
2024-08-21,0.9401526717557253,0.9423664122137404,0.938702290076336,0.953447669817708,0.9464617172562346,0.9351897615890008,2024,Q3,-0.0415788083102183,0.0,0.0532943320757643,0.0301057306605909,-35.537363455809334,-108.92408017572762,0.2567696826157875,0.0103427971634111,0.4319281271596407,0.0254023896514268,-38.68051189941625,-108.92408017572762,-111.73432877870124,-0.1268980477223427
2024-08-22,0.9366917293233082,0.9318796992481204,0.9257894736842104,0.950180999805248,0.938683571160318,0.9237127656010584,2024,Q3,-0.0415788083102183,0.0,0.0532943320757643,0.0301057306605909,-35.537363455809334,-108.92408017572762,0.2567696826157875,0.0103427971634111,0.4319281271596407,0.0254023896514268,-38.68051189941625,-108.92408017572762,-111.73432877870124,-0.1268980477223427
2024-08-23,0.936998514115899,0.92555720653789,0.9162209014363546,0.9499977419741198,0.9344277168053928,0.9155937534006656,2024,Q3,-0.0415788083102183,0.0,0.0532943320757643,0.0301057306605909,-35.537363455809334,-108.92408017572762,0.2567696826157875,0.0103427971634111,0.4319281271596407,0.0254023896514268,-38.68051189941625,-108.92408017572762,-111.73432877870124,-0.1268980477223427
2024-08-26,0.9289244186046512,0.9092296511627908,0.8981589147286823,0.942142748828917,0.9222402557302436,0.8990535924104133,2024,Q3,-0.0415788083102183,0.0,0.0532943320757643,0.0301057306605909,-35.537363455809334,-108.92408017572762,0.2567696826157875,0.0103427971634111,0.4319281271596407,0.0254023896514268,-38.68051189941625,-108.92408017572762,-111.73432877870124,-0.1268980477223427
2024-08-27,0.9766666666666668,0.9500757575757576,0.9373484848484848,0.9853647246210268,0.9650450665877162,0.9392544317715722,2024,Q3,-0.0415788083102183,0.0,0.0532943320757643,0.0301057306605909,-35.537363455809334,-108.92408017572762,0.2567696826157875,0.0103427971634111,0.4319281271596407,0.0254023896514268,-38.68051189941625,-108.92408017572762,-111.73432877870124,-0.1268980477223427
2024-08-28,1.0221169036334914,0.9900473933649288,0.9774881516587678,1.0224136814948872,1.00561687617618,0.9799955344879968,2024,Q3,-0.0415788083102183,0.0,0.0532943320757643,0.0301057306605909,-35.537363455809334,-108.92408017572762,0.2567696826157875,0.0103427971634111,0.4319281271596407,0.0254023896514268,-38.68051189941625,-108.92408017572762,-111.73432877870124,-0.1268980477223427
2024-08-29,1.0298412698412698,0.9934126984126984,0.9828306878306878,1.0223218966055372,1.009414525303924,0.985165059238179,2024,Q3,-0.0415788083102183,0.0,0.0532943320757643,0.0301057306605909,-35.537363455809334,-108.92408017572762,0.2567696826157875,0.0103427971634111,0.4319281271596407,0.0254023896514268,-38.68051189941625,-108.92408017572762,-111.73432877870124,-0.1268980477223427
2024-08-30,1.0495961227786752,1.0089660743134088,1.0008885298869143,1.033127500918401,1.024747431947686,1.0025844236310049,2024,Q3,-0.0415788083102183,0.0,0.0532943320757643,0.0301057306605909,-35.537363455809334,-108.92408017572762,0.2567696826157875,0.0103427971634111,0.4319281271596407,0.0254023896514268,-38.68051189941625,-108.92408017572762,-111.73432877870124,-0.1268980477223427
2024-09-02,1.025552050473186,0.986198738170347,0.9779968454258676,1.0071054355630074,1.000454750423369,0.9795569564934564,2024,Q3,-0.0415788083102183,0.0,0.0532943320757643,0.0301057306605909,-35.537363455809334,-108.92408017572762,0.2567696826157875,0.0103427971634111,0.4319281271596407,0.0254023896514268,-38.68051189941625,-108.92408017572762,-111.73432877870124,-0.1268980477223427
2024-09-03,1.0165884194053207,0.9841158059467918,0.9714397496087636,0.999366000188152,0.9933287073254268,0.9728137590649896,2024,Q3,-0.0415788083102183,0.0,0.0532943320757643,0.0301057306605909,-35.537363455809334,-108.92408017572762,0.2567696826157875,0.0103427971634111,0.4319281271596407,0.0254023896514268,-38.68051189941625,-108.92408017572762,-111.73432877870124,-0.1268980477223427
2024-09-04,1.0315789473684212,1.0068580542264751,0.990829346092504,1.0151303272556274,1.0111645656290733,0.9917131155517864,2024,Q3,-0.0415788083102183,0.0,0.0532943320757643,0.0301057306605909,-35.537363455809334,-108.92408017572762,0.2567696826157875,0.0103427971634111,0.4319281271596407,0.0254023896514268,-38.68051189941625,-108.92408017572762,-111.73432877870124,-0.1268980477223427
2024-09-05,1.0225755166931638,1.0064387917329094,0.98836777954425,1.0097384646196712,1.0071923287409454,0.988934902749804,2024,Q3,-0.0415788083102183,0.0,0.0532943320757643,0.0301057306605909,-35.537363455809334,-108.92408017572762,0.2567696826157875,0.0103427971634111,0.4319281271596407,0.0254023896514268,-38.68051189941625,-108.92408017572762,-111.73432877870124,-0.1268980477223427
2024-09-06,1.0155802861685217,1.0090620031796502,0.9892421833598304,1.007967834688822,1.0065073450513315,0.989297692823581,2024,Q3,-0.0415788083102183,0.0,0.0532943320757643,0.0301057306605909,-35.537363455809334,-108.92408017572762,0.2567696826157875,0.0103427971634111,0.4319281271596407,0.0254023896514268,-38.68051189941625,-108.92408017572762,-111.73432877870124,-0.1268980477223427
2024-09-09,1.031372549019608,1.037826797385621,1.017429193899782,1.0294274973519637,1.0311834174220715,1.0162280798879224,2024,Q3,-0.0415788083102183,0.0,0.0532943320757643,0.0301057306605909,-35.537363455809334,-108.92408017572762,0.2567696826157875,0.0103427971634111,0.4319281271596407,0.0254023896514268,-38.68051189941625,-108.92408017572762,-111.73432877870124,-0.1268980477223427
2024-09-10,1.0190243902439025,1.0335772357723578,1.013279132791328,1.0199684634759227,1.0236624682759463,1.0109013330292709,2024,Q3,-0.0415788083102183,0.0,0.0532943320757643,0.0301057306605909,-35.537363455809334,-108.92408017572762,0.2567696826157875,0.0103427971634111,0.4319281271596407,0.0254023896514268,-38.68051189941625,-108.92408017572762,-111.73432877870124,-0.1268980477223427
2024-09-11,1.0798260869565215,1.1025217391304347,1.0835072463768116,1.074391374757191,1.0858381732343214,1.0785617924153128,2024,Q3,-0.0415788083102183,0.0,0.0532943320757643,0.0301057306605909,-35.537363455809334,-108.92408017572762,0.2567696826157875,0.0103427971634111,0.4319281271596407,0.0254023896514268,-38.68051189941625,-108.92408017572762,-111.73432877870124,-0.1268980477223427
2024-09-12,1.0569468267581474,1.0849056603773586,1.0684391080617497,1.04880326904233,1.0641821483774372,1.061671085332775,2024,Q3,-0.0415788083102183,0.0,0.0532943320757643,0.0301057306605909,-35.537363455809334,-108.92408017572762,0.2567696826157875,0.0103427971634111,0.4319281271596407,0.0254023896514268,-38.68051189941625,-108.92408017572762,-111.73432877870124,-0.1268980477223427
2024-09-13,1.013179571663921,1.0417627677100494,1.0263316858868754,1.0060013108679209,1.0200004438359511,1.0190482707805515,2024,Q3,-0.0415788083102183,0.0,0.0532943320757643,0.0301057306605909,-35.537363455809334,-108.92408017572762,0.2567696826157875,0.0103427971634111,0.4319281271596407,0.0254023896514268,-38.68051189941625,-108.92408017572762,-111.73432877870124,-0.1268980477223427
2024-09-19,0.9954545454545456,1.025487012987013,1.0117965367965367,0.9928844689007452,1.0046123313821913,1.004023198889288,2024,Q3,-0.0415788083102183,0.0,0.0532943320757643,0.0301057306605909,-35.537363455809334,-108.92408017572762,0.2567696826157875,0.0103427971634111,0.4319281271596407,0.0254023896514268,-38.68051189941625,-108.92408017572762,-111.73432877870124,-0.1268980477223427
2024-09-20,0.9917207792207792,1.0231331168831168,1.0122564935064935,0.9941782018278824,1.0041730617267446,1.0038912907289836,2024,Q3,-0.0415788083102183,0.0,0.0532943320757643,0.0301057306605909,-35.537363455809334,-108.92408017572762,0.2567696826157875,0.0103427971634111,0.4319281271596407,0.0254023896514268,-38.68051189941625,-108.92408017572762,-111.73432877870124,-0.1268980477223427
2024-09-23,0.9884927066450568,1.0183954619124798,1.010940032414911,0.9939183661313954,1.0023031191209244,1.0021900010695377,2024,Q3,-0.0415788083102183,0.0,0.0532943320757643,0.0301057306605909,-35.537363455809334,-108.92408017572762,0.2567696826157875,0.0103427971634111,0.4319281271596407,0.0254023896514268,-38.68051189941625,-108.92408017572762,-111.73432877870124,-0.1268980477223427
2024-09-24,1.0177852348993288,1.048489932885906,1.0463366890380312,1.023677347029841,1.0340363906563277,1.0362724889683783,2024,Q3,-0.0415788083102183,0.0,0.0532943320757643,0.0301057306605909,-35.537363455809334,-108.92408017572762,0.2567696826157875,0.0103427971634111,0.4319281271596407,0.0254023896514268,-38.68051189941625,-108.92408017572762,-111.73432877870124,-0.1268980477223427
2024-09-25,1.0422876949740034,1.0746967071057192,1.08001155401502,1.0469521489629852,1.061601723841896,1.0680877859500544,2024,Q3,-0.0415788083102183,0.0,0.0532943320757643,0.0301057306605909,-35.537363455809334,-108.92408017572762,0.2567696826157875,0.0103427971634111,0.4319281271596407,0.0254023896514268,-38.68051189941625,-108.92408017572762,-111.73432877870124,-0.1268980477223427
2024-09-26,0.9870279146141216,1.0117405582922825,1.0233169129720854,0.9934053604366,1.0052654389302291,1.01157265329074,2024,Q3,-0.0415788083102183,0.0,0.0532943320757643,0.0301057306605909,-35.537363455809334,-108.92408017572762,0.2567696826157875,0.0103427971634111,0.4319281271596407,0.0254023896514268,-38.68051189941625,-108.92408017572762,-111.73432877870124,-0.1268980477223427
2024-09-27,0.9889621087314664,1.0107084019769357,1.0268259198242724,0.9972824293175084,1.0077607589128177,1.0144169661433435,2024,Q3,-0.0415788083102183,0.0,0.0532943320757643,0.0301057306605909,-35.537363455809334,-108.92408017572762,0.2567696826157875,0.0103427971634111,0.4319281271596407,0.0254023896514268,-38.68051189941625,-108.92408017572762,-111.73432877870124,-0.1268980477223427
2024-09-30,1.0231292517006805,1.0395408163265305,1.058843537414966,1.0241425342241108,1.036484032437765,1.0456483441644795,2024,Q3,-0.0415788083102183,0.0,0.0532943320757643,0.0301057306605909,-35.537363455809334,-108.92408017572762,0.2567696826157875,0.0103427971634111,0.4319281271596407,0.0254023896514268,-38.68051189941625,-108.92408017572762,-111.73432877870124,-0.1268980477223427
