Date,Close,sma_10,sma_20,sma_60,ema_10,ema_20,ema_60
2022-01-27,505000,1.0,1.0,1.0,1.0,1.0,1.0
2022-01-28,450000,1.0611111111111111,1.0611111111111111,1.0611111111111111,1.055,1.0580555555555555,1.0600925925925926
2022-02-03,477000,1.0006988120195668,1.0006988120195668,1.0006988120195668,0.9971792139409514,0.9988391923571728,1.0000572584610052
2022-02-04,504000,0.9603174603174603,0.9603174603174603,0.9603174603174603,0.9622878359264497,0.9611123480980089,0.9605383443605466
2022-02-07,548000,0.9065693430656935,0.9065693430656935,0.9065693430656935,0.918030374959014,0.9120160062262332,0.9083117943803957
2022-02-08,542000,0.9305043050430504,0.9305043050430504,0.9305043050430504,0.9468438121629225,0.9385429084170616,0.9331309717251589
2022-02-09,511000,0.9888174447861335,0.9888174447861335,0.9888174447861335,1.0032520581372022,0.9963345826098782,0.9913560322833257
2022-02-10,474500,1.0567702845100104,1.0567702845100104,1.0567702845100104,1.0621281515434977,1.0603614871647675,1.0581440993957887
2022-02-11,482000,1.0358460119870907,1.0358460119870907,1.0358460119870907,1.0356800225601868,1.0368263932922173,1.0364071384915716
2022-02-14,463000,1.0705183585313176,1.0705183585313176,1.0705183585313176,1.0617585441533481,1.0674212561000505,1.0698083918886874
2022-02-15,451500,1.0859357696566998,1.0888956005235075,1.0888956005235075,1.0706610430216448,1.0811091227680312,1.0866910602050117
2022-02-16,455500,1.0776070252469814,1.072722283205269,1.072722283205269,1.0490195400671876,1.0618592794135326,1.0694763562593557
2022-02-17,454500,1.075027502750275,1.0693069306930694,1.0693069306930694,1.0412535815330866,1.055794708062066,1.0651328620828067
2022-02-18,454500,1.0641364136413642,1.0643564356435644,1.0643564356435644,1.0332721127414386,1.0487443628352122,1.0594066995882914
2022-02-21,453000,1.0466887417218542,1.063355408388521,1.063355408388521,1.0296761100227467,1.0458179314653742,1.057672509891431
2022-02-22,440000,1.0544318181818182,1.0888494318181818,1.0888494318181818,1.0487122140095435,1.0675654966200012,1.0818692046490728
2022-02-23,442000,1.0340497737556562,1.0789858929997338,1.0789858929997338,1.0357001657410565,1.0554269945939398,1.071140213211678
2022-02-24,416500,1.0834333733493398,1.1369881285847672,1.1369881285847672,1.0805903470487868,1.106352100061696,1.126785733739056
2022-02-25,420000,1.059642857142857,1.1208020050125314,1.1208020050125314,1.0582759214372939,1.0862578569048742,1.1091926375387515
2022-02-28,412000,1.0678398058252427,1.1354368932038834,1.1354368932038834,1.0642293906376126,1.0955292853830327,1.1219220708159994
2022-03-02,434000,1.0096774193548388,1.069700460829493,1.0741716041255212,1.0083847163849093,1.0356559648185775,1.0608140469170642
2022-03-03,437000,0.998512585812357,1.0608695652173914,1.0637611816101518,1.0011930628378316,1.0254894351856652,1.0501545430791486
2022-03-04,428500,1.0122520420070011,1.0762543757292882,1.0811729491147075,1.0171872163851106,1.0409814252894987,1.0666396270049987
2022-03-07,414000,1.0379227053140097,1.1030797101449274,1.114080112721417,1.0431325149181634,1.0693313857513023,1.0978061376478798
2022-03-08,410500,1.0364190012180268,1.0957369062119366,1.1186358099878198,1.042504007419045,1.0703107920969666,1.1009521820489319
2022-03-10,417500,1.0136526946107784,1.0624550898203593,1.0960386918470753,1.0204501159912174,1.0469790756720578,1.077827294339414
2022-03-11,391000,1.069309462915601,1.1191176470588236,1.1640143980297433,1.0732455481744299,1.1058985246661248,1.1425415295077161
2022-03-14,363500,1.1356258596973865,1.1885144429160934,1.2430732953428965,1.1262578805510162,1.1703437883148347,1.216606234084128
2022-03-15,359500,1.131432545201669,1.184700973574409,1.2480456572826242,1.1134797003869752,1.1648880531535366,1.2179662685590973
2022-03-16,363500,1.105639614855571,1.157977991746905,1.2265016047684547,1.0827771296264377,1.1368298301607176,1.1939538617373555
2022-03-17,376000,1.0534574468085107,1.1094414893617022,1.179735758407687,1.0382580551442269,1.0891605119478571,1.1464102267730478
2022-03-18,382000,1.0225130890052356,1.0823952879581151,1.1561681937172774,1.017952865643268,1.0649002668757186,1.121984989160231
2022-03-21,386000,1.0009067357512953,1.0623056994818654,1.1398178677971424,1.0060561319620256,1.048539132255329,1.104934785464469
2022-03-22,397500,0.9677987421383648,1.0244025157232703,1.103699593044765,0.9811455628564442,1.0164106379454014,1.0694399020620455
2022-03-23,407000,0.9443488943488944,0.9948402948402948,1.0757107757107758,0.9658428754128906,0.993404254706052,1.0423598927541888
2022-03-24,408000,0.9397058823529412,0.9884803921568628,1.0710443899782136,0.9701212541946109,0.9918535791446778,1.0379375854116861
2022-03-25,439000,0.8842824601366742,0.9183371298405467,0.995536538816721,0.9195147613645246,0.9294482782199096,0.966279265013421
2022-03-28,436500,0.9060710194730813,0.9258877434135167,1.001205763549768,0.9384639953103086,0.9411255014498515,0.9731001509491908
2022-03-29,441000,0.9153061224489796,0.9188208616780046,0.9912204197918484,0.9418224801150156,0.9381781692767202,0.9648303802765974
2022-03-30,440500,0.9338251986379115,0.9230987514188422,0.9925368898978434,0.9532782705917785,0.9451370369122296,0.9674425653027001
2022-03-31,442000,0.9455882352941176,0.9208710407239818,0.9894327336938528,0.9591286522278765,0.9475529528839232,0.9657365445559754
2022-04-01,428000,0.9872663551401869,0.9499415887850468,1.0212783711615487,0.9922293025493371,0.9806217472224542,0.9974424184153426
2022-04-04,438500,0.9755986316989738,0.9283352337514253,0.9968974569754183,0.9742038396234637,0.9612782970381676,0.9746968247435718
2022-04-05,449000,0.9642538975501114,0.9105233853006681,0.9741850577039886,0.9602554845640474,0.9446994096271285,0.9539529858662082
2022-04-06,444500,0.9824521934758155,0.9235658042744657,0.9844019497562805,0.9754362633104351,0.9586679197994069,0.9651462655559112
2022-04-07,436500,1.006987399770905,0.9426689576174112,1.0023905572986702,0.9945294893876102,0.9785239443797648,0.9835527255054562
2022-04-08,439500,1.0002275312855518,0.9417519908987486,0.9956430179362429,0.9899699995617526,0.9745505820158846,0.9777987219023591
2022-04-11,425000,1.0316470588235294,0.9811176470588235,1.0289950980392157,1.0194278095135485,1.007050962601912,1.010700511497242
2022-04-12,411000,1.0594890510948904,1.0208029197080293,1.062738964198818,1.0443063443287683,1.0373864602495675,1.043289668250871
2022-04-13,431000,1.0081206496519721,0.9812645011600928,1.013155452436195,0.9966018402992607,0.9902788065022472,0.9950842204240453
2022-04-14,441000,0.9850340136054422,0.9663832199546485,0.9903739273487173,0.9787300272473111,0.9709066502033002,0.9736222836053062
2022-04-15,435000,1.0002298850574713,0.9858045977011495,1.0039566755083997,0.9936425656899132,0.9858021092760066,0.9875671906912338
2022-04-18,433000,1.003579676674365,0.9957852193995381,1.0084317399450955,0.9985535757905449,0.991278582104773,0.9924399637860462
2022-04-19,435500,0.9947187141216992,0.9944316877152698,1.00259386826551,0.9941265855069997,0.9869668788429227,0.9872635557698765
2022-04-20,436500,0.9906071019473082,0.99553264604811,1.0002915755493074,0.993331097873049,0.986168327813938,0.985587091363279
2022-04-21,437000,0.9895881006864988,0.9977116704805492,0.9991623079437725,0.9936137524113721,0.9864700151263947,0.9850621311525685
2022-04-22,436500,0.9900343642611684,0.9985681557846506,1.000301440887442,0.9957061205047525,0.9887848911701695,0.9867228802310232
2022-04-25,433000,0.9998845265588915,1.0062355658198614,1.008242414589472,1.003071901267424,0.9970852225667427,0.9949019047296589
2022-04-26,423500,1.0252656434474616,1.026741440377804,1.0303363816460889,1.0209232677887723,1.017594320620259,1.0165632485166767
2022-04-27,418000,1.0356459330143541,1.0375598086124402,1.0431618819776716,1.028109801144502,1.0280255933036868,1.0288038652772074
2022-04-28,417500,1.03125748502994,1.0358682634730538,1.0409181636726546,1.0240063045401033,1.026464171819932,1.0289028900091144
2022-04-29,417000,1.0281774580335732,1.0357913669064749,1.040847322142286,1.0206460881104649,1.0250519944732523,1.0290053002487023
2022-05-02,408500,1.0435740514075886,1.053671970624235,1.0597103223174216,1.0342683115757705,1.0419557739324097,1.0485330488089746
2022-05-03,407500,1.0392638036809816,1.0511656441717792,1.058364008179959,1.0301143041098122,1.0402663959653498,1.0492054486015596
2022-05-04,401500,1.046077210460772,1.061519302615193,1.068098796180988,1.0372340385478487,1.0504886977563084,1.0624821870503993
2022-05-06,401500,1.0372353673723538,1.0571606475716064,1.062266500622665,1.0304642013715417,1.0456737362117663,1.060178372868863
2022-05-09,394000,1.0461928934010152,1.071510152284264,1.0775380710659899,1.0409742350003663,1.0593254490263353,1.0774085110504121
2022-05-10,393500,1.0374841168996187,1.0688691232528589,1.0754764930114358,1.0346065837724383,1.0548868364130268,1.0758960238888378
2022-05-11,391500,1.034610472541507,1.0718390804597702,1.0771179225202214,1.032638845034501,1.0545294769497118,1.0784264061296593
2022-05-12,388000,1.0362113402061857,1.0759664948453609,1.0836125429553265,1.034325900808156,1.05793721403667,1.0849538658479339
2022-05-13,400500,0.999625468164794,1.0373283395755306,1.0476695796920517,1.001672011022473,1.0225428639482814,1.0492429237284067
2022-05-16,400500,0.9955056179775281,1.0330212234706617,1.0453807740324594,1.0013680088569272,1.0203943300696825,1.04746736212044
2022-05-17,408500,0.9760097919216646,1.0097919216646267,1.023031415748674,0.985074217069409,1.00037190989176,1.025985210511762
2022-05-18,410000,0.9730487804878049,1.0029878048780487,1.017479674796748,0.9848393269307917,0.9970253446576821,1.0214351208723018
2022-05-19,415500,0.9635379061371842,0.9871841155234657,1.002507019655034,0.9769296845401625,0.985368726787659,1.0076316343626923
2022-05-20,434000,0.9299539170506912,0.944758064516129,0.9595430107526882,0.9470524861137495,0.9487621101299119,0.9659374862603418
2022-05-23,438000,0.9315068493150684,0.9363013698630137,0.9506278538812786,0.9496029516952517,0.9458051729095307,0.9586390887180612
2022-05-24,438500,0.9407069555302167,0.935860889395667,0.9503800836183961,0.9578801374055972,0.9499929836434725,0.9590495838007924
2022-05-25,426500,0.9753810082063306,0.9625439624853458,0.9773739742086752,0.9875890363333479,0.978939748683528,0.9865267486830716
2022-05-26,430500,0.9761904761904762,0.9550522648083624,0.969008904374758,0.9823377717132143,0.9727168750029614,0.9781581085740906
2022-05-27,430500,0.9831591173054588,0.956562137049942,0.9688734030197445,0.985549086227408,0.9753160514961744,0.9789258175372214
2022-05-30,439500,0.9718998862343572,0.9395335608646189,0.9491277967387183,0.9716640680032279,0.9595978496721883,0.9603214703960596
2022-05-31,444000,0.9700450450450451,0.934009009009009,0.94009009009009,0.9687586451612434,0.9546474509208698,0.952317190416224
2022-06-02,440500,0.9846765039727582,0.9451759364358683,0.9485622398789255,0.9807366725943069,0.9658303148352194,0.961284263824328
2022-06-03,437500,0.9964571428571428,0.9557714285714286,0.9560952380952381,0.9897414106865773,0.9750771908166359,0.9689949769104255
2022-06-07,432000,1.0086805555555556,0.9714699074074075,0.9688271604938271,1.0019164150912558,0.9886828840950352,0.9819807031076434
2022-06-08,425500,1.0211515863689777,0.9900117508813161,0.9849784567175871,1.0140905932039623,1.0034255027368988,0.9970863086650936
2022-06-09,422500,1.0246153846153847,1.000473372781065,0.9942998027613412,1.0174201024828908,1.0095454655068086,1.0040219383157927
2022-06-10,425000,1.0182352941176471,0.9985294117647059,0.9910196078431373,1.0093561367959056,1.003263395992928,0.9981810511242567
2022-06-13,415000,1.0390361445783132,1.0258433734939758,1.0169678714859438,1.0275547037992458,1.0248249148378417,1.0214664521035426
2022-06-14,426500,1.0100820633059788,1.0012309495896834,0.9915201250488471,0.999875694061964,0.9974593556609742,0.994133269578543
2022-06-15,420000,1.0210714285714286,1.019047619047619,1.008373015873016,1.0125590587733964,1.0116678914193886,1.0091913366414305
2022-06-16,427000,1.000351288056206,1.0045081967213114,0.9934426229508196,0.9966943245029879,0.9955514837159506,0.9928996603787076
2022-06-17,425500,1.000352526439483,1.009870740305523,0.9980415197806503,1.000170129059683,0.9991504955487231,0.9965233062430328
2022-06-20,411500,1.028068043742406,1.0437424058323208,1.0321790198460916,1.0279800086349498,1.0299867101196014,1.0293854115466667
2022-06-21,413000,1.0197336561743342,1.037409200968523,1.02863196125908,1.0198379841279759,1.0237460666890048,1.0247701259626
2022-06-22,401000,1.044139650872818,1.0638403990024938,1.0578345802161264,1.041201039868865,1.0492023196608744,1.0535443932873316
2022-06-23,400000,1.041125,1.0616875,1.0589583333333332,1.0358396710876896,1.0468893086976225,1.054263344502166
2022-06-24,405000,1.0233333333333334,1.045925925925926,1.04440329218107,1.018860340263007,1.0307298503249784,1.039843588474108
2022-06-27,412000,1.0052184466019418,1.0259101941747573,1.0255056634304207,1.0012678597211382,1.0119585885205027,1.021422360560378
2022-06-28,410500,1.004993909866017,1.027222898903776,1.0279740154283394,1.004030832430429,1.0141652232837834,1.0243005102007559
2022-06-29,391500,1.0464878671775224,1.0709450830140486,1.076309067688378,1.0431654267644073,1.0573471787170092,1.0715007885164316
2022-06-30,371000,1.0892183288409703,1.1202830188679245,1.1327493261455526,1.0824781624909154,1.1047457482148801,1.1262793073189525
2022-07-01,356500,1.1141654978962132,1.1540673211781207,1.1744974287050023,1.1035049303784925,1.1354237039126291,1.1662646784000816
2022-07-04,356000,1.1001404494382023,1.1442415730337079,1.172003745318352,1.0859539246850187,1.123968672477475,1.1622263286111556
2022-07-05,361500,1.0691562932226832,1.1170816044260028,1.1507146150299676,1.056807839723821,1.096690007560254,1.1396620960029806
2022-07-06,370500,1.034952766531714,1.082523616734143,1.1196581196581197,1.0254752316355138,1.0633782092498139,1.1081998910696806
2022-07-07,373500,1.0195448460508703,1.0672690763052208,1.1083668005354752,1.01410421318818,1.049614340009617,1.0959515671742146
2022-07-08,388000,0.9770618556701031,1.0226159793814433,1.0659579037800688,0.980532172595575,1.0093996092801254,1.0531425832635262
2022-07-11,395000,0.9554430379746836,1.0019620253164556,1.0455485232067512,0.9698546252500092,0.992319955466113,1.033319184026518
2022-07-12,401000,0.9387780548628429,0.983790523690773,1.0282418952618453,0.9634625238656487,0.9796178050466003,1.0172577016762276
2022-07-13,400000,0.94325,0.98375,1.0293541666666668,0.9720764201445141,0.9837747917862641,1.0191357386595947
2022-07-14,399500,0.9515644555694618,0.9815394242803505,1.0292448894451398,0.9781488479971052,0.9864340621509916,1.0197261920609044
2022-07-15,400000,0.96125,0.977125,1.0264791666666666,0.9811214052217581,0.9866104619105802,1.0178327276707528
2022-07-18,393000,0.9877862595419847,0.992175572519084,1.0429177268871925,0.9988519682624181,1.0037852268904366,1.0347569126825924
2022-07-19,383000,1.0191906005221931,1.0141644908616188,1.0677980852915578,1.0203986260960571,1.027137147908163,1.0597054079156756
2022-07-20,384000,1.0200520833333333,1.0093098958333333,1.0627387152777779,1.0145156401875572,1.0221325484900898,1.0550401246282828
2022-07-21,390500,1.007426376440461,0.9912932138284251,1.0432351685872812,0.9980598422740762,1.004631308344099,1.036225300223316
2022-07-22,382000,1.0282722513089004,1.0103403141361256,1.0646378708551485,1.0165828928299814,1.0244155888361381,1.057301472327551
2022-07-25,391000,1.0035805626598466,0.9843989769820972,1.0389812446717819,0.9944226890373543,1.0007561003285077,1.0318636455189472
2022-07-26,394000,0.9941624365482233,0.9748096446700507,1.0300761421319797,0.9892416803698074,0.9937898355219263,1.0232055171705292
2022-07-27,393500,0.9937738246505718,0.976302414231258,1.0303896653960185,0.9922261750240294,0.9955237766207357,1.0236881857571907
2022-07-28,415500,0.9450060168471721,0.9299638989169675,0.9761131167268351,0.9506550703092783,0.9482589800020987,0.9705030053250913
2022-07-29,422000,0.9356635071090047,0.9234004739336493,0.961650868878357,0.9476464100435996,0.9399718738299266,0.9570354585914911
2022-08-01,419500,0.9475566150178785,0.9364719904648391,0.9680969408025427,0.9617859064570575,0.9507570977667086,0.9639797952471703
2022-08-02,417000,0.9613908872901679,0.9487410071942446,0.9745203836930456,0.9734516437385881,0.9606040389314886,0.9707656457564637
2022-08-03,437000,0.9295194508009154,0.9129290617848971,0.931559877955759,0.9418273390787293,0.9245794944322392,0.9287877231055424
2022-08-04,443000,0.9287810383747178,0.9084085778781038,0.9208051166290444,0.9419673557556089,0.9204325223151961,0.9189945500667546
2022-08-05,446000,0.9368834080717489,0.9088004484304932,0.9166479820627803,0.9473346611084267,0.9224087902385215,0.9157108680591785
2022-08-08,447000,0.9473154362416107,0.9125838926174497,0.9167971662938106,0.95517619070357,0.9279314208699041,0.9165306708616104
2022-08-09,457500,0.9394535519125683,0.8978142076502732,0.8978324225865209,0.9453897297964623,0.9155265917534463,0.8989659501941293
2022-08-10,458000,0.9525109170305677,0.9031659388646288,0.8989446870451238,0.954474436767982,0.9226673988479005,0.9013708734433036
2022-08-11,472000,0.9362288135593221,0.8840572033898305,0.8745233050847457,0.9395885262630587,0.9052715767200481,0.8787949902530989
2022-08-12,460500,0.9679695982627579,0.9127035830618893,0.8981903727832067,0.9697704194187237,0.9347474897417576,0.9040332006664716
2022-08-16,460500,0.9768729641693811,0.9200325732899023,0.8998190372783207,0.9752667067971471,0.9409620229526737,0.9072149848055581
2022-08-17,453500,1.0,0.9420066152149945,0.9144248438074238,0.9920803580877595,0.9597256543647761,0.9238293530900916
2022-08-18,452000,1.0066371681415929,0.9526548672566372,0.9179756637168142,0.9962139946772316,0.9664429138264429,0.929317199035673
2022-08-19,447000,1.018791946308725,0.9696308724832214,0.9285607755406413,1.0060196319599293,0.9794195977797469,0.9417089557266898
2022-08-22,442500,1.028361581920904,0.9863276836158192,0.9386064030131827,1.0132957327939978,0.9903912458952027,0.9528985225782101
2022-08-23,445000,1.0221348314606742,0.9868539325842697,0.933876404494382,1.0062206855673324,0.986272275116345,0.9492813098472082
2022-08-24,451000,1.0070953436807095,0.9800443458980045,0.922209903917221,0.9941370380361155,0.9757081727501724,0.9387483199712913
2022-08-25,459000,0.989760348583878,0.9700980392156863,0.906844589687727,0.9810263888668255,0.9626354764811773,0.9249539667115867
2022-08-26,465500,0.9745435016111708,0.961922663802363,0.8949516648764769,0.9732682379472446,0.9540324299712982,0.9149471161161356
2022-08-29,459500,0.9870511425462459,0.9785636561479869,0.9073268044976424,0.9885265175348671,0.9696813144558147,0.9293109872839176
2022-08-30,465500,0.9754027926960258,0.970891514500537,0.8966344432509845,0.9801877576926955,0.9612605734457997,0.9200648969215156
2022-08-31,462500,0.9836756756756757,0.9821081081081081,0.9035495495495496,0.9889919628213367,0.9705914188310003,0.9284768442651441
2022-09-01,463000,0.9849892008639309,0.9838552915766738,0.9039236861051116,0.9901195847720039,0.9724439066626673,0.9298698974635117
2022-09-02,482000,0.9534232365145229,0.9491182572614107,0.8703492392807745,0.9599827064777342,0.940386195450701,0.8967418015231409
2022-09-05,483000,0.9598343685300207,0.950983436853002,0.8705486542443064,0.9656324074346726,0.9443021589069875,0.8983557462468067
2022-09-06,483500,0.9668045501551189,0.9537745604963805,0.8720096518441917,0.9710640359346667,0.94872319188906,0.9008125941894162
2022-09-07,488000,0.9654713114754099,0.9481045081967213,0.8660689890710382,0.9689987243609733,0.9456914147444908,0.8960534252141377
2022-09-08,486500,0.9741007194244604,0.9539568345323741,0.8710174717368961,0.9770797715394556,0.953501767716628,0.9021547164125078
2022-09-13,497000,0.9598591549295775,0.936317907444668,0.8549631120053656,0.9643577427630341,0.9397042832911747,0.8869515576332847
2022-09-14,498500,0.9647943831494483,0.9373119358074222,0.8548311601471079,0.9684639707083165,0.9428884329042867,0.8880992010727488
2022-09-15,511000,0.9500978473581213,0.9193248532289628,0.8371656881930855,0.9548147312903155,0.927459491870345,0.8707809389880851
2022-09-16,506000,0.9680830039525692,0.9335968379446641,0.8485013175230567,0.9707497213805537,0.9426599112739789,0.8833619937548357
2022-09-19,477500,1.0289005235602093,0.9919895287958115,0.9018150087260035,1.0234734376329444,0.9990259174412551,0.938192986983797
2022-09-20,483500,1.0164426059979317,0.983453981385729,0.8935022406066873,1.008813969771097,0.9879019685566335,0.9289711358441409
2022-09-21,479500,1.024191866527633,0.9955161626694473,0.9035453597497393,1.0140968792224718,0.9965103962063131,0.9388057707163786
2022-09-22,488500,1.006345957011259,0.981627430910952,0.8895087001023542,0.9962473401478695,0.9802318045531011,0.9240953907284929
2022-09-23,460500,1.0615635179153093,1.0423452768729642,0.9454035468693449,1.046491250806457,1.0360396556821083,0.9809330718504202
2022-09-26,446500,1.0858902575587905,1.0736282194848825,0.9770996640537514,1.0648850634159341,1.0619985028345638,1.011305188085577
2022-09-27,444000,1.0800675675675675,1.0772522522522523,0.9853415915915916,1.057993576440813,1.0615041070176459,1.0164396699700262
2022-09-28,433500,1.0912341407151096,1.1003460207612457,1.0121683967704729,1.0684161332615054,1.0789090614790315,1.0397073995230188
2022-09-29,440000,1.0589772727272728,1.081193181818182,1.0003977272727274,1.043063128909042,1.056973428694959,1.0235465136020134
2022-09-30,426500,1.073856975381008,1.1111957796014067,1.0346033606877687,1.0622466141915816,1.0818174352918437,1.0541032887228456
2022-10-04,444500,1.022947131608549,1.064116985376828,0.9954818147731535,1.0157344572194265,1.034389371152743,1.0110416629878303
2022-10-05,469000,0.9664179104477612,1.0071428571428571,0.9468727789623311,0.9694603016294467,0.9822251431606586,0.9596007721958738
2022-10-06,478000,0.947907949790795,0.9876569037656904,0.9321827057182706,0.9600783440809995,0.9671855202499311,0.9434568041033726
2022-10-07,482500,0.9378238341968912,0.978341968911917,0.926511226252159,0.9600107463469543,0.9621494099736144,0.9368075278473318
2022-10-11,497500,0.9169849246231155,0.9497989949748744,0.9018090452261307,0.9435992080423297,0.9395075107336527,0.911570098942443
2022-10-12,483000,0.9520703933747412,0.9779503105590062,0.9317460317460317,0.9770309531356166,0.9707872174161459,0.9409446678008738
2022-10-13,477000,0.9709643605870021,0.9881551362683438,0.9461740041928721,0.991262350539456,0.9846175795865313,0.9543334904522035
2022-10-14,483000,0.969151138716356,0.9742753623188406,0.9372843340234644,0.98277607206209,0.9750161810630297,0.9443700936914952
2022-10-17,491500,0.9628687690742624,0.9554425228891149,0.9244150559511699,0.9720017729129575,0.962139562528056,0.9304044894102711
2022-10-18,489000,0.9805725971370143,0.9585889570552147,0.9327539195637355,0.9811581785611578,0.9701957644745894,0.9372930571258252
2022-10-19,497500,0.9744723618090452,0.9442211055276382,0.9206197654941373,0.9708683679940896,0.9580367407196205,0.9238671072172165
2022-10-20,495000,0.9846464646464647,0.9501515151515152,0.9287878787878788,0.9801768811191067,0.9664109949327385,0.9308825012980844
2022-10-21,499000,0.9809619238476954,0.9444889779559118,0.925250501002004,0.9773525242094407,0.9626009550554893,0.9259377675998137
2022-10-24,509000,0.9668958742632613,0.9279469548133595,0.910936476751801,0.9657599903955346,0.9490522645468354,0.9107786741669969
2022-10-25,511000,0.9657534246575342,0.9292563600782778,0.9111872146118721,0.9688928155135997,0.9505437006048604,0.9102634541757655
2022-10-26,529000,0.9415879017013232,0.9054347826086957,0.8844517958412098,0.9475748510993377,0.925990529321763,0.883257291776702
2022-10-27,540000,0.9340740740740741,0.8958796296296296,0.8702777777777778,0.9413137821690146,0.9159727346849699,0.8696924787588024
2022-10-28,532000,0.9573308270676691,0.918609022556391,0.8868107769423559,0.9635654445217723,0.936437545526251,0.8866225007183794
2022-10-31,528000,0.9714962121212121,0.9339015151515152,0.8969539141414142,0.976162422240056,0.948909696132913,0.8968437575753885
2022-11-01,563000,0.9242451154529308,0.8879662522202487,0.8455150976909414,0.9308451203753828,0.9004027803963004,0.8463104678463254
2022-11-02,569000,0.9270650263620387,0.889543057996485,0.8404657293497364,0.9353877975622408,0.9012978946207719,0.8427283574101391
2022-11-03,589000,0.9115449915110356,0.8695246179966044,0.8160582908885116,0.9211484660157793,0.88300845175611,0.8202190422712693
2022-11-04,592000,0.9226351351351352,0.8747466216216216,0.8160332207207207,0.931665850483668,0.8901019614285076,0.8221043518398246
2022-11-07,587000,0.9437819420783645,0.8910988074957411,0.8269591141396934,0.9505831890006169,0.9074281546856712,0.8347199587313944
2022-11-08,588000,0.9552721088435374,0.8972789115646258,0.8292517006802721,0.9582453598469788,0.9148482515193974,0.8387753284645902
2022-11-09,599000,0.949415692821369,0.8904841402337229,0.8179465776293823,0.9514394360768268,0.9077577443776192,0.8291728196476654
2022-11-10,605000,0.9507438016528925,0.8922314049586777,0.8134986225895318,0.9525484597881552,0.908397551299649,0.8268295664022665
2022-11-11,624000,0.9365384615384615,0.8763621794871795,0.7930956196581197,0.9374455657847472,0.8920962952334766,0.8081669427961344
2022-11-14,604000,0.9801324503311258,0.9146937086092716,0.8233167770419426,0.9742164806512854,0.9290991545730525,0.8403477970285467
2022-11-15,596000,0.9988255033557047,0.9359479865771813,0.8383529082774049,0.989603537037887,0.9471350190229335,0.8564993809631165
2022-11-16,600000,0.9973333333333333,0.93825,0.836875,0.9860959655562462,0.9464569012388936,0.8556884225974241
2022-11-17,597000,1.0036850921273033,0.9515075376884422,0.8452680067001676,0.9926782722710109,0.9558593502646274,0.8645851593603521
2022-11-18,598000,1.003010033444816,0.9581939799331104,0.8481884057971015,0.9926513160401552,0.9586170258141605,0.8676325070317389
2022-11-21,573000,1.044328097731239,1.0055846422338568,0.8889179755671902,1.029422399322246,1.0003994554391644,0.908590050763883
2022-11-22,571000,1.0450087565674255,1.0143607705779334,0.8955341506129597,1.0270229761669833,1.0035317214042205,0.9146687704464448
2022-11-23,561000,1.0568627450980392,1.035294117647059,0.9145276292335116,1.037088166346156,1.0193799885811485,0.9332389020338003
2022-11-24,568000,1.037323943661972,1.025,0.9062646713615023,1.0198876683549523,1.006167949218212,0.924306651169955
2022-11-25,571000,1.0225919439579685,1.023029772329247,0.9047577349678926,1.0118875594062278,1.0007976405605519,0.9220943124560014
2022-11-28,562000,1.0314946619217082,1.0424377224199288,0.922108540925267,1.0229844981864453,1.01522230150976,0.9389333112917215
2022-11-29,567000,1.017283950617284,1.0335978835978836,0.9170487948265726,1.0114246579809267,1.0056726073329396,0.9329295026021858
2022-11-30,587000,0.9804088586030665,0.9999148211243611,0.8893242475865984,0.9811522424774151,0.9741308508827393,0.9043876240730055
2022-12-01,585000,0.9817094017094017,1.002991452991453,0.8952991452991453,0.9873235892786608,0.9796077639331864,0.9105159628654618
2022-12-02,584000,0.9809931506849315,1.0040239726027398,0.8997146118721462,0.9910116278879436,0.9830675388238234,0.9149605689480199
2022-12-05,562000,1.017437722419929,1.041103202846975,0.9372627520759192,1.024386463309452,1.0194981707143786,0.9523928542033201
2022-12-06,559000,1.0207513416815743,1.0440966010733452,0.9444096601073345,1.024450598702099,1.0225914870831685,0.9588986237986816
2022-12-07,563000,1.013854351687389,1.0334813499111901,0.9399644760213144,1.0140498889181755,1.0138665469254682,0.9536581412518466
2022-12-08,531000,1.067984934086629,1.0887947269303202,0.9976773383553044,1.0614947418504357,1.0678262444998474,1.0107638765200118
2022-12-09,515000,1.0902912621359224,1.1120388349514563,1.0292071197411004,1.0772962703094848,1.091382245095425,1.040782645940877
2022-12-12,502000,1.1065737051792828,1.1306772908366534,1.0555610889774236,1.0860681298233363,1.108250357446829,1.0655126444353769
2022-12-13,496500,1.1046324269889225,1.1331822759315207,1.0669352131587782,1.0802628967393268,1.1090482817128413,1.0747790659015446
2022-12-14,498500,1.0824473420260783,1.118455366098295,1.0633567368772987,1.0621235988109203,1.0946369551988848,1.068154951151171
2022-12-15,486000,1.089917695473251,1.1358024691358024,1.0907921810699588,1.0731794848606797,1.1110967980723405,1.0924905357941994
2022-12-16,485500,1.0707518022657054,1.1253861997940269,1.0921215242018538,1.0607784040409352,1.1015514524414696,1.0905442155760319
2022-12-19,482000,1.0619294605809129,1.1241182572614108,1.0998271092669432,1.0560300332811892,1.0991169109876913,1.0952326972904836
2022-12-20,487500,1.0352820512820513,1.1028717948717948,1.0883418803418803,1.036094784964811,1.078457892142059,1.0801572553885663
2022-12-21,477000,1.040041928721174,1.118343815513627,1.113364779874214,1.0481924659868702,1.0924644330581972,1.1005245370612868
2022-12-22,471500,1.0395546129374338,1.1211558854718982,1.1273241428066456,1.0494341572315886,1.0951881186473078,1.1096430593573259
2022-12-23,455500,1.0630076838638858,1.1478594950603733,1.1677277716794732,1.0706064956016856,1.1209286248371293,1.1437450480946947
2022-12-26,457500,1.0486338797814208,1.1314207650273225,1.1632604735883423,1.0539396579670361,1.104978067513433,1.1341935354276675
2022-12-27,457000,1.0411378555798687,1.1206236323851204,1.1656455142231947,1.0450758984840405,1.0960739660149978,1.1309915986532761
2022-12-28,436500,1.0758304696449026,1.1560137457044672,1.2200840015273005,1.077037836189703,1.133498090535179,1.178068590601677
2022-12-29,435500,1.0667049368541905,1.14150401836969,1.2216035208572522,1.0650544075714954,1.1231388566878715,1.1748437133154628
2023-01-02,446000,1.0327354260089685,1.099159192825112,1.1916479820627803,1.0327111191350338,1.087487985228934,1.1423567689582483
2023-01-03,440500,1.0362088535754823,1.0990919409761635,1.2049375709421113,1.0373134727495668,1.0914408071802633,1.1514825341566073
2023-01-04,443000,1.020316027088036,1.0797968397291196,1.1960872836719336,1.0257396393834717,1.0771593932804826,1.1402285892829442
2023-01-05,433500,1.032641291810842,1.0885236447520183,1.2203960015378699,1.0394513876946423,1.0911682993611935,1.1597969980501623
2023-01-06,444000,1.002027027027027,1.0529842342342342,1.1902965465465465,1.012166173032483,1.059138534715159,1.1280275491441232
2023-01-09,464000,0.9606681034482759,1.0021012931034483,1.1383081896551723,0.9742586260654001,1.0122016296034726,1.0768011409723628
2023-01-10,473500,0.9447729672650476,0.9789862724392819,1.1148363252375924,0.9629459580395721,0.9926655168285495,1.0533864430135844
2023-01-11,474500,0.9464699683877766,0.9746048472075869,1.1119775201966984,0.9680226458828691,0.99147125517071,1.0494882191542803
2023-01-12,478000,0.9482217573221757,0.9653242677824267,1.103155509065551,0.9680374114193215,0.9857151923682297,1.04043256149835
2023-01-13,478000,0.9571129707112971,0.9644874476987447,1.102562761506276,0.973848791161263,0.9870756502379836,1.0391064285567033
2023-01-16,480500,0.9593132154006243,0.95894901144641,1.0961845300034685,0.9744579509177473,0.9836599827027478,1.032594744889983
2023-01-17,458000,1.0102620087336245,1.003438864628821,1.1481804949053855,1.0182698310329097,1.0289378053736382,1.0805898463362649
2023-01-18,458000,1.01353711790393,1.0002183406113536,1.1462518195050948,1.0149480435723806,1.02618182390939,1.077946699321922
2023-01-19,456000,1.0229166666666667,1.0023026315789474,1.1486111111111112,1.0158723755194083,1.0277604669651903,1.0799630449016717
2023-01-20,469500,0.9989350372736954,0.9732694355697551,1.1130812921547746,0.989087080865844,0.9983788920114057,1.047305708054705
2023-01-25,484000,0.9731404958677686,0.9470557851239669,1.0780819559228652,0.9668270962056017,0.9714717538556181,1.0154073716605756
2023-01-26,517000,0.9194390715667311,0.8923597678916828,1.00891360412637,0.9223665959331108,0.9180854976935032,0.9522144593564456
2023-01-27,506000,0.9456521739130435,0.916600790513834,1.0289690382081687,0.9528874902760986,0.943944461118441,0.9738030576823296
2023-01-30,510000,0.9445098039215686,0.9166176470588235,1.0189705882352942,0.9553386151011326,0.9425846918014827,0.9672750127739991
2023-01-31,521000,0.9328214971209213,0.9054702495201535,0.9952815099168266,0.946955896582481,0.9300471313004027,0.9485956815819426
2023-02-01,522000,0.938984674329502,0.911015325670498,0.991139846743295,0.9551160221308348,0.9350972954519079,0.9485238508064755
2023-02-02,533000,0.9336772983114446,0.900891181988743,0.9689962476547842,0.947149082717152,0.9238180091390371,0.9312784348818045
2023-02-03,535000,0.9445794392523365,0.9061214953271028,0.9637227414330218,0.953861367849478,0.9279488187407279,0.9301648810617742
2023-02-06,525000,0.9757142857142858,0.9320952380952381,0.9797301587301587,0.9771155820251491,0.9508026977324385,0.9495914682108938
2023-02-07,542000,0.9584870848708487,0.9119003690036901,0.9470633456334563,0.9562011279887335,0.9285061421439058,0.9224370765174028
2023-02-08,546000,0.9628205128205128,0.9127289377289377,0.9377442002442002,0.9584330839708693,0.9291606708354023,0.9184444902356662
2023-02-09,550000,0.9618181818181818,0.9130454545454545,0.9292878787878788,0.9602876321707194,0.9297933159521357,0.9146584365211231
2023-02-10,542000,0.9826568265682657,0.932749077490775,0.9413437884378844,0.9791049612957163,0.9488965165788328,0.9305148382370281
2023-02-13,522000,1.0226053639846744,0.9727011494252874,0.9749201787994891,1.0135970047371132,0.9866572092436531,0.9672762457282199
2023-02-14,525000,1.0175238095238095,0.9716190476190476,0.9670634920634921,1.0063859269705555,0.9828268663291313,0.9630033163391652
2023-02-15,527000,1.0146110056925997,0.9723434535104364,0.9611480075901329,1.0020999663508494,0.9810877375651221,0.9606817229771958
2023-02-16,549000,0.9768670309653916,0.9416666666666667,0.9219034608378871,0.9688624176853913,0.9473181989973013,0.924736227389016
2023-02-17,533000,1.0058161350844277,0.9769699812382739,0.9483896185115698,0.9983198372477431,0.9780645165497156,0.9540534423710361
2023-02-20,516000,1.0372093023255815,1.0149709302325582,0.9781815245478036,1.0255356341221677,1.0093078035344156,0.9859613996113725
2023-02-21,520000,1.025,1.0120192307692308,0.9691185897435898,1.0144383714796061,1.0013968595102019,0.9790861397233122
2023-02-22,508000,1.041732283464567,1.0382874015748031,0.9899442257217849,1.031419394868389,1.0226660078703327,1.0021415524670676
2023-02-23,507000,1.0353057199211044,1.0393491124260354,0.9900887573964497,1.0273712521675227,1.0223323291034447,1.0039831216139186
2023-02-24,511000,1.0211350293542074,1.0317025440313112,0.980512067840835,1.015814805842449,1.0129649917298893,0.9962512487575443
2023-02-27,508000,1.0244094488188977,1.0375984251968504,0.9837106299212598,1.017847582689589,1.0171425857429177,1.0020646251193221
2023-02-28,523000,0.9946462715105162,1.0080305927342257,0.953521351179095,0.9907177382334087,0.9891159280333854,0.9741994364895518
2023-03-02,535000,0.9738317757009346,0.9866355140186915,0.930607476635514,0.974224026145226,0.9700796597123118,0.9539107863585234
2023-03-03,538000,0.9663568773234201,0.9815985130111524,0.924674721189591,0.9744658137697301,0.9680350275248467,0.9502773110192745
2023-03-06,547000,0.9530164533820841,0.96654478976234,0.9090950639853748,0.9659902726064538,0.9566687604560871,0.9367851750223011
2023-03-07,566000,0.9298586572438162,0.9377208480565371,0.8786660777385159,0.9456424850693177,0.9317397297173348,0.9084423424634763
2023-03-08,562000,0.943950177935943,0.9461743772241993,0.8858392645314354,0.9610324844618415,0.9442407264345292,0.9176983331340725
2023-03-09,549000,0.9737704918032787,0.9688524590163935,0.9078476017000607,0.986736596523927,0.9697807682251667,0.941415046966331
2023-03-10,551000,0.9782214156079855,0.9654264972776769,0.9060344827586206,0.9862177072141105,0.96947396018985,0.940030999334159
2023-03-13,563000,0.966607460035524,0.9467140319715808,0.8886915334517466,0.9715248845591432,0.9536854342575994,0.9226182002952541
2023-03-14,548000,1.0003649635036496,0.975,0.914522506082725,0.9984599519013236,0.9817147280373273,0.9495816183530645
2023-03-15,565000,0.9776991150442478,0.9492035398230089,0.8893362831858407,0.9741600133189587,0.9567310365212556,0.9236002122484175
2023-03-16,576000,0.9661458333333334,0.9353298611111112,0.8749710648148148,0.9636369425074031,0.9443210711851631,0.9090455080779427
2023-03-17,553000,1.0090415913200723,0.9745931283905968,0.9135021097046414,1.003040261377343,0.9851588567166485,0.9485965594577952
2023-03-20,544000,1.0251838235294117,0.9917279411764706,0.9303462009803921,1.0160647361087962,1.0013186368629048,0.9654611639881792
2023-03-21,546000,1.0177655677655677,0.9908424908424909,0.9290445665445665,1.0100987259388388,0.9978745360731716,0.9631731506688879
2023-03-22,573000,0.9717277486910995,0.9487783595113438,0.8882198952879581,0.9693201870955821,0.955534815692106,0.9204837183645396
2023-03-23,575000,0.9728695652173913,0.951304347826087,0.8885942028985507,0.9721397952335047,0.9567625290633526,0.9199943099798056
2023-03-24,569000,0.9862917398945519,0.9667838312829525,0.9012302284710018,0.9855924972572914,0.9700084216266752,0.9320007188303395
2023-03-27,574000,0.979616724738676,0.9638501742160279,0.8967770034843205,0.981187706438801,0.965219930828439,0.9263780902806352
2023-03-28,577000,0.9795493934142114,0.9648180242634316,0.8961727325245523,0.9804341722802655,0.9639917938115847,0.9241334982737219
2023-03-29,583000,0.9725557461406518,0.9600343053173241,0.8911663807890223,0.9757359514504006,0.9584449918775154,0.9174221358880993
2023-03-30,588000,0.9663265306122449,0.9563775510204081,0.8876133786848073,0.973359081209068,0.9550287637696188,0.9125843694935185
2023-03-31,584000,0.9782534246575343,0.9668664383561644,0.8977882420091324,0.9836575743708574,0.9652300512748037,0.9214962651055109
2023-04-03,586000,0.9820819112627986,0.9668941979522184,0.8987912400455061,0.9838821301416736,0.9655609173529361,0.9210283995392794
2023-04-04,575000,1.0059130434782608,0.9861739130434782,0.9200869565217391,1.0022125461450098,0.9855532301289932,0.9406597309832583
2023-04-05,588000,0.9862244897959184,0.9665816326530612,0.9038265306122449,0.9836811883581363,0.9672148557790134,0.9224904308016371
2023-04-06,580000,1.0006896551724138,0.9825862068965517,0.9196264367816093,0.9977493493403223,0.9824075836422942,0.9373386712571495
2023-04-07,580000,1.0025862068965516,0.9850862068965517,0.9226867816091955,0.9981585585511727,0.9840830518668379,0.9393932511463743
2023-04-10,596000,0.9793624161073825,0.9614093959731543,0.9013143176733781,0.9765692000666751,0.961696646817878,0.9169887324431878
2023-04-11,610000,0.9622950819672131,0.9444262295081968,0.8842349726775957,0.962491384375208,0.9453749280691381,0.8993549624230441
2023-04-12,590000,0.9961016949152542,0.9785593220338983,0.9173728813559322,0.9960058089707075,0.9795718657240768,0.9321419592035699
2023-04-13,599000,0.9829716193656094,0.9657762938230384,0.9068864774624374,0.9844879110084166,0.9682010187428973,0.9208206628327688
2023-04-14,594000,0.9929292929292929,0.9773569023569023,0.9183361391694724,0.9940885105978534,0.9786031581139102,0.9309136969221243
2023-04-17,591000,0.9988155668358714,0.9862944162436548,0.9267484489565708,0.9992919824113403,0.985135383327177,0.9377494316364766
2023-04-18,592000,1.0,0.9885135135135135,0.9290118243243243,0.9980396275254789,0.9850454648794137,0.9382584221010911
2023-04-19,582000,1.0161512027491408,1.0062714776632302,0.9481958762886598,1.0124266066003986,1.0017829642418299,0.955875509734794
2023-04-20,580000,1.019655172413793,1.0101724137931034,0.9542241379310344,1.013023599588227,1.0047385893748897,0.9605103203325231
2023-04-21,572000,1.0325174825174825,1.024562937062937,0.9691724941724941,1.022247805125643,1.0170012699726343,0.9747983579695539
2023-04-24,566000,1.0381625441696114,1.0347173144876325,0.9812131919905771,1.0270690171517525,1.0251362781476179,0.9856194059488714
2023-04-25,551000,1.0557168784029038,1.0605263157894738,1.0091651542649729,1.045023853055771,1.047992008918804,1.0120429011158987
2023-04-26,567000,1.0218694885361552,1.0291887125220458,0.9820399764844209,1.012710163107835,1.0166648476837958,0.9840258861143225
2023-04-27,587000,0.9850085178875639,0.9940374787052811,0.9504258943781942,0.9821681837291749,0.9837373573535763,0.9521216499835207
2023-04-28,581000,0.9929432013769364,1.0040447504302925,0.961617900172117,0.993709046258994,0.994477726953892,0.9632016743516252
2023-05-02,591000,0.9761421319796955,0.9874788494077834,0.9469261139311902,0.981095924148328,0.9797791981181223,0.9486447579244961
2023-05-03,567000,1.0130511463844798,1.0285714285714285,0.9882422104644327,1.0185103768710848,1.0192273969655157,0.9891662893647647
2023-05-04,564000,1.0152482269503547,1.0319148936170213,0.9941489361702127,1.0195774424843884,1.0223013126907716,0.9946105122356839
2023-05-08,558000,1.0222222222222221,1.0410394265232974,1.0051971326164875,1.0249877970105499,1.0301229618360053,1.005131301391186
2023-05-09,563000,1.0115452930728241,1.030284191829485,0.996654825340438,1.0129967247839469,1.018976879081902,0.99632917397914
2023-05-10,566000,1.006183745583039,1.0221731448763252,0.9920789163722025,1.0062406688853611,1.012282994745003,0.9913417842118316
2023-05-11,553000,1.0301989150090416,1.0410488245931284,1.0163351416515973,1.024459965034034,1.0326437032194749,1.0141661614761484
2023-05-12,547000,1.0378427787934186,1.0485374771480804,1.0281535648994515,1.0292067884285172,1.0397830059830262,1.0244612539866031
2023-05-15,545000,1.0339449541284405,1.0474311926605504,1.0324770642201835,1.0269866587879215,1.039446464061301,1.0272954522278945
2023-05-16,540000,1.035925925925926,1.0521296296296296,1.0417592592592593,1.0298601955142686,1.0443975428002445,1.0356006175074939
2023-05-17,560000,0.9933928571428572,1.0117857142857143,1.0053571428571428,0.9943377516557377,1.0064216657423903,0.9986602959229979
2023-05-18,562000,0.9889679715302491,1.0055160142348754,1.0031435349940687,0.9924720589364152,1.0025696088374032,0.9952667959022683
2023-05-19,552000,1.0047101449275362,1.021014492753623,1.0222826086956522,1.008551329726678,1.0187576158700649,1.0128610153604451
2023-05-22,560000,0.9907142857142858,1.0046428571428572,1.0092261904761903,0.9952082802081389,1.0038035608201734,0.9984443086935436
2023-05-23,574000,0.9684668989547038,0.9803135888501742,0.9865563298490129,0.9762194697892018,0.9812900188424294,0.9749414675700147
2023-05-24,585000,0.9535042735042735,0.9635042735042735,0.97011396011396,0.9655244414811216,0.9663776105409471,0.9580319100071472
2023-05-25,583000,0.9619210977701543,0.9695540308747856,0.9755860491709548,0.9745027575858577,0.9725791996375583,0.9625867391836356
2023-05-26,578000,0.97560553633218,0.9788927335640139,0.9856113033448675,0.9860358554660262,0.9828027512263333,0.971867283095834
2023-05-30,580000,0.9782758620689656,0.9749137931034483,0.9835057471264369,0.9857928714943995,0.9813743689628565,0.969548296160251
2023-05-31,599000,0.9570951585976628,0.9454924874791318,0.9540066777963272,0.9627923492488641,0.9549841438882805,0.9408014427874992
2023-06-01,584000,0.9857876712328767,0.9691780821917808,0.979566210045662,0.989790403922887,0.9814640037175898,0.9661145421601866
2023-06-02,588000,0.9835034013605443,0.9643707482993197,0.9735260770975057,0.9861376566200826,0.9771885799522495,0.9608688359348183
2023-06-05,594000,0.9806397306397306,0.9571548821548822,0.9645903479236811,0.9805081847005627,0.9704305607845544,0.9527643244508934
2023-06-07,604000,0.9716887417218543,0.9451158940397351,0.9501379690949228,0.9707701317593631,0.9587101315842383,0.9390560098293921
2023-06-08,591000,0.9959390862944163,0.9682741116751269,0.972165820642978,0.9935558277563294,0.9817224615309581,0.9610329987749356
2023-06-09,609000,0.9704433497536946,0.9431855500821018,0.9446907498631636,0.9707006191724012,0.9572102213254459,0.9348370280552933
2023-06-12,612000,0.9704248366013072,0.9433823529411764,0.9418028322440087,0.9721345950213801,0.9570401082288152,0.9325412617317891
2023-06-13,607000,0.9831960461285009,0.9560955518945634,0.9507138934651291,0.9837527855890013,0.9682640918243245,0.9421827532877732
2023-06-14,589000,1.0147707979626486,0.9890492359932088,0.9801358234295416,1.0113044401408726,0.9980588383062441,0.9719277287452968
2023-06-15,585000,1.0193162393162394,0.9996581196581197,0.9877492877492878,1.014906734605558,1.0044181082202017,0.9792759086822568
2023-06-16,588000,1.014795918367347,0.996938775510204,0.9839569160997732,1.007959795562502,0.999360809270128,0.975122904480698
2023-06-19,561000,1.0588235294117647,1.044830659536542,1.0317587641117052,1.0462037332874348,1.04293854181868,1.021330864834649
2023-06-20,561000,1.0529411764705883,1.045632798573975,1.0314022578728461,1.0378030545079013,1.0388491568835676,1.0206314846519284
2023-06-21,558000,1.0503584229390681,1.0510752688172043,1.0364396654719237,1.035494887945649,1.0402025228897376,1.0252623892569845
2023-06-22,569000,1.0261862917398945,1.0303163444639718,1.0164030462800235,1.0126626181918914,1.0181795252888943,1.0052634278270962
2023-06-23,563000,1.0289520426287744,1.0393428063943162,1.0269094138543517,1.0191902579946193,1.026265655747123,1.015452882960318
2023-06-26,564000,1.0186170212765957,1.0358156028368795,1.0247044917257684,1.014222604329261,1.0221178419053507,1.013204809542668
2023-06-27,561000,1.0158645276292335,1.0398395721925133,1.0295306001188353,1.016074208325284,1.0249566924588525,1.0180124207656138
2023-06-28,547000,1.0341864716636198,1.063436928702011,1.054631322364412,1.0344288977620673,1.04631438886732,1.0426227316800454
2023-06-29,550000,1.022181818181818,1.0531818181818182,1.0478484848484848,1.0235526386252327,1.0367398652379272,1.0357246817135568
2023-06-30,553000,1.0103074141048825,1.0446654611211572,1.0411693791440626,1.014727200590975,1.028152208020007,1.0291188345460276
2023-07-03,573000,0.9771378708551484,1.006893542757417,1.0047702152414195,0.9830711212662674,0.9930021814731332,0.9934214595941181
2023-07-04,569000,0.9854130052724077,1.011775043936731,1.011277094317516,0.9918034466160952,0.9999844965853212,1.0003918084913255
2023-07-05,567000,0.9904761904761905,1.0120811287477953,1.0144620811287477,0.9961560766588142,1.003177323640204,1.0037919845472034
2023-07-06,565000,0.9932743362831858,1.0133628318584071,1.0176106194690266,0.9997400577940354,1.0060875944016785,1.00710440153421
2023-07-07,562000,0.9983985765124556,1.0145907473309608,1.0220344009489917,1.0041537033132755,1.0103669145824452,1.012071207244795
2023-07-10,550000,1.0176363636363637,1.031090909090909,1.0425151515151516,1.0213238729518261,1.0293244947109392,1.0330329906110278
2023-07-11,550000,1.0156363636363637,1.0259090909090909,1.0413030303030302,1.0174468051424033,1.02653168569085,1.0319499346331087
2023-07-12,534000,1.043632958801498,1.051498127340824,1.070474406991261,1.0392171749157126,1.051833076107489,1.060808465425735
2023-07-13,542000,1.0267527675276753,1.032011070110701,1.0530750307503074,1.0195366894741555,1.0328499727804061,1.0436704135054282
2023-07-14,542000,1.0247232472324723,1.0277675276752767,1.0515682656826568,1.015984564115218,1.0297214039441769,1.042238588169637
2023-07-17,538000,1.0258364312267658,1.033271375464684,1.0577137546468403,1.0192586522058185,1.0338175799094649,1.0483486276942262
2023-07-18,549000,1.001639344262295,1.0114754098360657,1.03551912568306,0.9990479208446057,1.0118556077573555,1.0264469519407025
2023-07-19,560000,0.9807142857142858,0.9917857142857143,1.0145833333333332,0.9831648988462982,0.9927436942616475,1.006078547497203
2023-07-20,556000,0.9861510791366906,0.997751798561151,1.0214028776978417,0.992012931684981,0.9998966175868388,1.0128799130905235
2023-07-21,569000,0.9648506151142355,0.9754833040421793,0.9981546572934974,0.9749213468847491,0.979237414694733,0.9900749871128188
2023-07-24,597000,0.9274706867671692,0.9324958123953099,0.9526242322724734,0.9420697757570885,0.9396614573075506,0.9454872098036639
2023-07-25,594000,0.9395622895622896,0.939983164983165,0.9581930415263747,0.9564953941143001,0.9497017725059762,0.951893146455567
2023-07-26,580000,0.9701724137931035,0.9655172413793104,0.9811206896551724,0.9832953568863713,0.9752326933089037,0.9756938197631144
2023-07-27,540000,1.0416666666666667,1.0361111111111112,1.0525308641975308,1.0459262227183264,1.0429509947322857,1.0463947263048359
2023-07-28,542000,1.0378228782287824,1.0312730627306272,1.047140221402214,1.0344182224775353,1.0353784225929759,1.0411389445274515
2023-07-31,560000,1.008392857142857,0.9969642857142857,1.0132738095238096,1.0009565079943858,1.0018985540699374,1.007422164307425
2023-08-01,557000,1.0152603231597845,1.0012567324955117,1.01852184320766,1.0051935368519185,1.0066000355051836,1.0124268844149464
2023-08-02,544000,1.0365808823529412,1.0230698529411764,1.0424325980392157,1.023902941216355,1.0277353095020447,1.0354202190570452
2023-08-03,543000,1.03609576427256,1.02292817679558,1.0437384898710866,1.0210997489026075,1.0268062929942239,1.0361032273634956
2023-08-04,540000,1.0364814814814816,1.026574074074074,1.0487345679012345,1.0219047934153271,1.0294145083616761,1.0404869135483026
2023-08-07,514000,1.0727626459143969,1.075,1.1005188067444875,1.0602152981957003,1.073725482285603,1.0900654695511216
2023-08-08,525000,1.0371428571428571,1.0500952380952382,1.0767619047619048,1.0310919427624776,1.0463494839003353,1.0650218639145241
2023-08-09,553000,0.979746835443038,0.9986437613019892,1.0224834237492466,0.9827238910985874,0.9940012143206617,1.010732878628382
2023-08-10,556000,0.9773381294964029,0.9945143884892086,1.0174460431654677,0.9815266196856883,0.9897200033288106,1.005106192136777
2023-08-11,547000,0.9943327239488117,1.0113345521023767,1.0337903717245582,0.998098588151435,1.005432411871294,1.0209339603408973
2023-08-14,542000,1.0001845018450184,1.0210332103321034,1.0427121771217711,1.0059777506658025,1.0133068930397433,1.0293570142489756
2023-08-16,526000,1.0247148288973384,1.0499049429657794,1.0736058301647655,1.0299273190023825,1.03992706722101,1.05867912546579
2023-08-17,540000,0.9974074074074074,1.0208333333333333,1.0451543209876544,1.002639045144323,1.0117311384309324,1.0302078896992506
2023-08-18,529000,1.0155009451795842,1.039508506616257,1.0654694391934467,1.0192173499572794,1.0296481663787351,1.049937191116214
2023-08-21,526000,1.0186311787072244,1.0413498098859315,1.0696768060836501,1.020479399092051,1.0321377621105075,1.0540918007903142
2023-08-22,539000,0.9987012987012988,1.0108534322820037,1.042517006802721,0.9966182282512682,1.0065540060546347,1.027728485313343
2023-08-23,525000,1.0253333333333334,1.0312380952380953,1.0686349206349206,1.0189774935492473,1.030214927528845,1.0533268828022597
2023-08-24,535000,1.002803738317757,1.0077570093457944,1.0472585669781933,0.9999436970297694,1.0099149000534249,1.03253562466023
2023-08-25,546000,0.9807692307692307,0.988003663003663,1.0245421245421245,0.9834713455208691,0.9905620930614916,1.0113489150145039
2023-08-28,553000,0.9694394213381555,0.976491862567812,1.010638939119952,0.9762910063931532,0.9801163483527007,0.9985946684785294
2023-08-29,552000,0.9730072463768116,0.9775362318840579,1.011382850241546,0.9820488041532812,0.9836165003573005,1.0003904801469368
2023-08-30,553000,0.9761301989150091,0.9754068716094032,1.0083182640144666,0.9838596842073816,0.9835675411820689,0.9986279655124163
2023-08-31,544000,0.993014705882353,0.9915441176470589,1.0231617647058824,1.000111906467269,0.9998550556022409,1.01465268196142
2023-09-01,522000,1.0335249042145593,1.0313218390804597,1.064080459770115,1.034578177301245,1.0379950606371795,1.0555333322556488
2023-09-04,530000,1.018679245283019,1.014811320754717,1.0455345911949687,1.0155142842129072,1.020200809649555,1.0383023658899448
2023-09-05,536000,1.0067164179104477,1.0055037313432835,1.0314676616915421,1.0033926620921927,1.0079443988247174,1.0258048363790138
2023-09-06,527000,1.0242884250474382,1.022865275142315,1.0465528146742569,1.016795963762763,1.0227618828617442,1.0419028857029629
2023-09-07,517000,1.0406189555125724,1.0391682785299807,1.064474532559639,1.0298335249036021,1.0384926529515193,1.06002112813043
2023-09-08,509000,1.049705304518664,1.0508840864440079,1.07871643745907,1.0376523292331594,1.0495942866444732,1.0741674239134786
2023-09-11,508000,1.0429133858267716,1.0491141732283464,1.078215223097113,1.0324776879415003,1.0467403774033275,1.0737808760258196
2023-09-12,499500,1.0501501501501502,1.0627127127127127,1.0945111778445114,1.040947854994729,1.0584048927686656,1.089035273866776
2023-09-13,494500,1.048938321536906,1.0702730030333671,1.1033367037411528,1.0421143638438835,1.0625250743724803,1.0967665266677042
2023-09-14,508000,1.013976377952756,1.0386811023622047,1.0723753280839894,1.0117984925352905,1.0310230911386051,1.0654031141582088
2023-09-15,514000,1.0005836575875486,1.0250972762645914,1.0580739299610895,0.9999898669740623,1.0171794400287026,1.0512298929321575
2023-09-18,507000,1.009861932938856,1.0373767258382642,1.0708415516107823,1.0112879907875225,1.0282496864206172,1.0635883740671064
2023-09-19,496500,1.0232628398791541,1.0550352467270896,1.091221886539107,1.0267338829924866,1.0452337053939293,1.0832588421896545
2023-09-20,499500,1.0116116116116116,1.046146146146146,1.082615949282616,1.0168278016474523,1.035245927816734,1.0742362952685802
2023-09-21,487000,1.031416837782341,1.0680698151950718,1.1083504449007529,1.0351221546212659,1.0559305248797022,1.0984710883254916
2023-09-22,491000,1.0193482688391038,1.0537678207739307,1.097318397827563,1.0218367716543248,1.0428207881594302,1.0865870815320176
2023-09-25,476000,1.044747899159664,1.0788865546218487,1.129201680672269,1.0442125083919904,1.0684749032352265,1.1168666839768302
2023-09-26,475500,1.0407991587802314,1.0719768664563618,1.1269716088328077,1.037072246621028,1.0629700089989875,1.1141708927992404
2023-09-27,476500,1.0348373557187829,1.0616998950682057,1.1213711087792935,1.0285511169349784,1.0549545341829163,1.108166005548222
2023-10-04,456000,1.0699561403508773,1.099780701754386,1.1677266081871347,1.0611924770685117,1.092630626067777,1.1528050349019365
2023-10-05,467500,1.0336898395721925,1.0668983957219251,1.1355258467023173,1.0287085903527802,1.0594908830406131,1.120367021823273
2023-10-06,464000,1.032219827586207,1.067834051724138,1.1405711206896552,1.0298376555464974,1.0610558054811416,1.124594519008073
2023-10-10,458500,1.0363140676117775,1.0721919302071974,1.15092693565976,1.0345200851714431,1.0667568137427166,1.1335573747662462
2023-10-11,492000,0.9642276422764228,0.995630081300813,1.0705962059620597,0.9706110738100444,0.9946817637359345,1.0545257655020013
2023-10-12,493500,0.9626139817629179,0.9902228976697062,1.0659743329956097,0.9735407266889338,0.9924528515852286,1.0496378785689695
2023-10-13,484000,0.9800619834710744,1.0070764462809918,1.0849001377410468,0.9939859386906272,1.0107963560496749,1.0679373131990524
2023-10-16,474000,1.0003164556962025,1.0247362869198313,1.1053973277074542,1.012236814141997,1.0290620142890106,1.087501481871238
2023-10-17,475000,0.9981052631578947,1.02,1.1008596491228069,1.0082683730391884,1.0243340852818874,1.0824181666650836
2023-10-18,465000,1.0170967741935484,1.038763440860215,1.1215232974910394,1.0245058249741017,1.0419472728795733,1.102230532237854
2023-10-19,452500,1.0444198895027623,1.0613259668508288,1.1485451197053407,1.0432058016105707,1.0639941232192613,1.1283287587964064
2023-10-20,436500,1.0756013745704467,1.0913516609392897,1.1860824742268041,1.066636598366979,1.0931860005866578,1.1641243473169047
2023-10-23,436500,1.0693012600229095,1.0832760595647193,1.1810232913325698,1.0545208532093464,1.0843111433879287,1.1587432175167183
2023-10-24,448500,1.0384615384615385,1.0489409141583055,1.1439056112969157,1.0215232941791663,1.0500328574282303,1.1235518532436268
2023-10-25,409500,1.1172161172161172,1.1378510378510378,1.2453398453398454,1.0972091856930193,1.135746845115956,1.2229975477693018
2023-10-26,399500,1.1216520650813517,1.1553817271589486,1.2689820609094702,1.102005792211087,1.1485402382054586,1.2452956411998533
2023-10-27,400000,1.09925,1.1425625,1.2615625,1.0823322331579461,1.13309460453554,1.2357475735605008
2023-10-30,405000,1.068641975308642,1.1196913580246914,1.2403497942386832,1.0564300874003605,1.1077623744232927,1.2132621992811798
2023-10-31,385500,1.0994811932555124,1.164656290531777,1.2955469087764808,1.0898921515326763,1.1481973282919198,1.265629058874268
2023-11-01,377500,1.0996026490066224,1.176225165562914,1.3150772626931568,1.0924457121595714,1.1560985595804687,1.2828617961432072
2023-11-02,391500,1.0446998722860792,1.125925925925926,1.2615581098339719,1.043674516907499,1.1038273938564631,1.2292167266700103
2023-11-03,402000,1.0088308457711443,1.0883706467661691,1.2227611940298508,1.0134299322305682,1.0678535973941365,1.1906476829445842
2023-11-06,493500,0.8333333333333334,0.889564336372847,0.9944782168186423,0.8572514497209535,0.8822565520235843,0.9708765345743053
2023-11-07,443000,0.9270880361173814,0.9892212189616253,1.1051730624529723,0.9631607457286301,0.9844650714875994,1.0788782364980656
2023-11-08,437500,0.9451428571428572,0.9954285714285714,1.1157333333333332,0.9797655882015683,0.997142041546789,1.089410414257132
2023-11-09,429000,0.9707459207459207,1.0076340326340327,1.133022533022533,0.999327612533095,1.0152895127492156,1.1073562717732273
2023-11-10,411000,1.0159367396593675,1.042883211678832,1.17676399026764,1.0352585516457153,1.0540638186095301,1.1507436695876827
2023-11-13,415500,1.0074608904933815,1.0245487364620938,1.158744484556759,1.0196742987720164,1.0385862540280582,1.1337469450768975
2023-11-14,437000,0.9696796338672768,0.9697940503432494,1.0977307398932112,0.9750513917740702,0.9886803075541578,1.0754113162737349
2023-11-15,451500,0.9549280177187154,0.9371539313399778,1.0597268364710226,0.953967003694235,0.9610307012205002,1.039534155846532
2023-11-16,442500,0.9858757062146892,0.9550847457627119,1.0776082862523542,0.9782115910655418,0.9824268894721614,1.0586878055193714
2023-11-17,432000,1.0167824074074074,0.9777777777777777,1.1000578703703703,1.0016261913759512,1.005704814069356,1.0816519374724691
2023-11-20,444000,0.9781531531531531,0.9521959459459459,1.0672484984984985,0.979181538097809,0.9805689740327406,1.050699474451737
2023-11-21,447000,0.9724832214765101,0.9456375838926174,1.05665548098434,0.9775898772094457,0.9764653099968252,1.0422167242294293
2023-11-22,442000,0.984502262443439,0.9600113122171946,1.0654788838612368,0.9907124796408062,0.9887006978887134,1.0522358004789403
2023-11-23,448500,0.974581939799331,0.9515607580824972,1.0468227424749164,0.9806535408961442,0.9768124925274104,1.0357733499428547
2023-11-24,442500,0.9949152542372881,0.9692655367231638,1.0571186440677967,0.9950504402315946,0.9910043212345794,1.048184365510595
2023-11-27,434500,1.0176064441887227,0.990506329113924,1.0720368239355582,1.0109401356255519,1.0083696455454794,1.0652709277760766
2023-11-28,435000,1.0159770114942528,0.9950574712643678,1.0663218390804599,1.0080002926569949,1.0065238761686595,1.0619465932948977
2023-11-29,447000,0.9876957494407159,0.9761185682326622,1.0337434750186427,0.9844053580948007,0.981455186591453,1.0323416330601394
2023-11-30,454500,0.9740374037403741,0.9669416941694169,1.0134030069673634,0.9739499461176883,0.968568170121139,1.0148044467880541
2023-12-01,428500,1.0323220536756126,1.0287047841306884,1.0712563204978607,1.027037711805326,1.0247341704818689,1.0738752654482586
2023-12-04,430000,1.0254651162790698,1.017732558139535,1.0636434108527133,1.0191904726378942,1.0191443243608123,1.0678298706956302
2023-12-05,430000,1.0215116279069767,1.0162209302325582,1.0595348837209302,1.0157012957946405,1.0173210553740684,1.0656059399709208
2023-12-06,424500,1.0306242638398115,1.0278563015312132,1.0692383195916766,1.0236136662865958,1.0275969513047436,1.0768086922430578
2023-12-07,426500,1.0206330597889801,1.0227432590855803,1.0606877686596325,1.0153929472552359,1.0206088551050534,1.069406418531383
2023-12-08,430500,1.008362369337979,1.0155052264808362,1.0477932636469223,1.004875056074168,1.0100662416175874,1.0575201691326181
2023-12-11,428500,1.0116686114352391,1.0217619603267212,1.0495915985997666,1.007826117483688,1.0133729869768358,1.0604083449529487
2023-12-12,424500,1.0187279151943462,1.0299175500588929,1.0565371024734982,1.0141731281884234,1.0207388158025585,1.0680922033902744
2023-12-13,410000,1.045731707317073,1.061280487804878,1.0904674796747968,1.0409420036017454,1.0514249615395512,1.1023951724437673
2023-12-14,422500,1.0072189349112426,1.0275147928994084,1.0548323471400396,1.008300375102838,1.0183826937608456,1.067492063638373
2023-12-15,422000,1.006872037914692,1.0275473933649288,1.0524486571879936,1.0077686721948604,1.017723659914826,1.0665025408124464
2023-12-18,422000,1.0049763033175356,1.0249407582938388,1.049091627172196,1.0063561863412493,1.01603569230389,1.0643221292475415
2023-12-19,426000,0.9946009389671362,1.0128521126760563,1.036482785602504,0.9974692265736375,1.0058768366747808,1.05254723181646
2023-12-20,432500,0.9815028901734104,0.9965317919075144,1.0183236994219653,0.9856641123874569,0.9916396494407569,1.0355243862086205
2023-12-21,423000,1.0027186761229314,1.0158983451536643,1.038672182821119,1.0063824537864121,1.012585705198629,1.056853602953737
2023-12-22,419500,1.0084624553039332,1.021632896305125,1.0444974175605881,1.0120918846169402,1.0190307409820512,1.06351805858948
2023-12-26,415500,1.0150421179302045,1.029181708784597,1.0521259526674689,1.0178652030130748,1.0260941517388618,1.0713382533318279
2023-12-27,421000,1.0009501187648455,1.0140736342042755,1.0362232779097387,1.0037371899519312,1.0114806335145847,1.0554620771862273
2023-12-28,427500,0.9898245614035087,0.9963742690058479,1.0185575048732942,0.9905710181239485,0.9964726914489739,1.0381218495042364
2024-01-02,429500,0.9868451688009313,0.9888242142025612,1.0127861854870004,0.9885113752210587,0.9926103926264526,1.0321963528004754
2024-01-03,416000,1.0174278846153846,1.0194110576923077,1.0435897435897434,1.0168467484521422,1.0224584602825282,1.0635392367151948
2024-01-04,419000,1.0094272076372315,1.010799522673031,1.0343277645186952,1.0078269095692822,1.0136960643337996,1.0540908102789797
2024-01-05,416000,1.0143028846153845,1.01640625,1.0400841346153846,1.0123503662556301,1.0190057655862386,1.0596697239333361
2024-01-08,415000,1.0125301204819277,1.017710843373494,1.0394979919678715,1.0121007165960743,1.0194172772453964,1.0601830415965394
2024-01-09,417500,1.0051497005988024,1.0105389221556886,1.030239520958084,1.0049420090334977,1.012045079108064,1.0520695697759441
2024-01-10,410500,1.0200974421437272,1.0253349573690622,1.0448233861144944,1.018064355872742,1.0265121037091487,1.0677144494338056
2024-01-11,415500,1.0078219013237064,1.0114320096269556,1.0299037304452467,1.0047563204839396,1.0128108593065732,1.053067017936389
2024-01-12,413000,1.0119854721549637,1.0161622276029056,1.03363599677159,1.0088677658925143,1.0171377065370395,1.0574926132671898
2024-01-15,399500,1.039173967459324,1.0491864831038797,1.0658322903629538,1.0351488191654286,1.046603442779206,1.090171012942736
2024-01-16,400500,1.029338327091136,1.043820224719101,1.0610070744902205,1.0266434182974236,1.039800657798652,1.0845818077271574
2024-01-17,390000,1.0503846153846155,1.0678205128205127,1.0875854700854701,1.044414032926122,1.061338596522447,1.1100515265761781
2024-01-18,390500,1.041741357234315,1.0624199743918055,1.0842296201451131,1.0352446177559511,1.0542673008025527,1.1050685593800607
2024-01-19,383500,1.0522816166883964,1.076271186440678,1.1011951325510647,1.044297074577051,1.0665097458626112,1.121133095316625
2024-01-22,372000,1.073252688172043,1.1014112903225806,1.1335573476702507,1.0626567333584291,1.0900055380476081,1.1506838520714788
2024-01-23,373500,1.0571619812583668,1.0903614457831325,1.1278447121820616,1.0477728473369894,1.0774729575980744,1.1412736926364406
2024-01-24,380500,1.0298291721419186,1.0651773981603154,1.1062417871222077,1.0233158347445444,1.052160295800605,1.116334319399127
2024-01-25,368000,1.0519021739130434,1.0949048913043478,1.1421422101449274,1.0475160761073845,1.079528061398871,1.1491957989357497
2024-01-26,381000,1.0076115485564305,1.0522965879265092,1.1029746281714785,1.0096333199875105,1.038627697200463,1.1063783477552844
2024-01-29,377500,1.0111258278145696,1.0554304635761589,1.1132008830022075,1.0155406753129859,1.0436614191149987,1.112812023570765
2024-01-30,375000,1.0110666666666666,1.0552,1.119888888888889,1.0182544107577867,1.0457982893463273,1.1162887776448562
2024-01-31,381000,0.9927821522309711,1.033989501312336,1.1013342082239719,1.0018154703668645,1.0265357844760132,1.09547305194554
2024-02-01,381500,0.9891218872870249,1.0277195281782439,1.0949978156400175,1.0004111159032476,1.0227913054761106,1.0909541168362242
2024-02-02,387500,0.9748387096774194,1.0081290322580645,1.0756559139784947,0.9876625375844693,1.006292200029934,1.0716336640993627
2024-02-05,389000,0.9754498714652956,1.0008997429305913,1.0694301628106255,0.9867896938130022,1.0021821915436882,1.0652882398008021
2024-02-06,377000,1.0074270557029177,1.0273872679045093,1.1011715296198055,1.0148904552783506,1.0308359956674749,1.0959442704355868
2024-02-07,386000,0.9853626943005181,1.000259067357513,1.0744170984455959,0.9928222597172499,1.0061532490705802,1.0680832584797357
2024-02-08,394000,0.9719543147208122,0.9772208121827411,1.0516920473773266,0.9776337171799093,0.9870833851442633,1.044875098883979
2024-02-13,393500,0.9763659466327828,0.975984752223634,1.0511859381617958,0.9827166827122463,0.9894483234936716,1.0446879224569179
2024-02-14,388000,0.9929123711340206,0.9883376288659794,1.0633591065292096,0.9972565913367901,1.0031431505400634,1.0575459332985921
2024-02-15,395500,0.9792667509481668,0.9689633375474084,1.041213653603034,0.9822825001604577,0.9856325694758108,1.036262108705484
2024-02-16,410000,0.9517073170731707,0.9371341463414634,1.0034959349593495,0.9570808335523612,0.9554629434757236,0.9996264764335696
2024-02-19,397500,0.9856603773584905,0.9674842767295597,1.0331027253668763,0.9895090396359548,0.9868890481792019,1.0300428689044956
2024-02-20,404000,0.9738861386138614,0.9544554455445544,1.014707095709571,0.9783907716691334,0.9737717511048352,1.0130287446228485
2024-02-21,407000,0.9711302211302212,0.9517199017199017,1.0057944307944306,0.9764192195195374,0.9697755892688328,1.0053793513767344
2024-02-22,408500,0.9752753977968176,0.9525091799265606,1.00046919624643,0.9777731392233373,0.9694322587650387,1.001632295866549
2024-02-23,402000,0.9950248756218906,0.9705845771144279,1.0149668325041459,0.994749648655495,0.9865255243313015,1.0172433234742337
2024-02-26,409500,0.9805860805860805,0.9578754578754579,0.9953601953601954,0.9807979195994185,0.971461358781613,0.9986579853963173
2024-02-27,403500,0.9976456009913259,0.974907063197026,1.0088599752168526,0.9962218615937044,0.9872490826695391,1.013065035681484
2024-02-28,400500,1.0082397003745318,0.9850811485642946,1.014481897627965,1.0030143435200405,0.9951542824191214,1.0199763726216213
2024-02-29,401500,1.007222914072229,0.9859277708592777,1.009755085097551,1.0004223256465494,0.9933732446264965,1.0168642874612057
2024-03-04,398500,1.0119196988707653,0.9955457967377667,1.0161020493517356,1.0065076020813974,1.0007704841528624,1.0237155592834208
2024-03-05,387500,1.0380645161290323,1.0245806451612902,1.0431182795698923,1.028701352460981,1.0264004572366694,1.051045515418636
2024-03-06,387000,1.035012919896641,1.0258397932816536,1.0426141257536607,1.0245703468892815,1.0250859316359022,1.050685309227389
2024-03-07,399500,1.0007509386733418,0.9950563204005006,1.0089486858573216,0.9938738236921987,0.993677436714797,1.0172263552858474
2024-03-08,402500,0.9918012422360248,0.9908074534161491,1.0004347826086957,0.9889267833055448,0.9875786552361627,1.0093283293769406
2024-03-11,400500,0.9963795255930087,0.9975655430711611,1.0041822721598002,0.9949806543012906,0.9932236806276149,1.0138975666293375
2024-03-12,419500,0.9536352800953516,0.9554231227651967,0.9583432657926102,0.9590221624074119,0.9531682385760639,0.9690260673884826
2024-03-13,418500,0.9594982078853047,0.9606929510155316,0.9603942652329749,0.9683475994719635,0.9596890761302291,0.9722811634668402
2024-03-14,416000,0.9689903846153847,0.9698317307692308,0.96640625,0.9788639059027866,0.9687463013792946,0.9788414386912524
2024-03-15,398500,1.0107904642409034,1.0127979924717692,1.0078419071518194,1.0178776009353332,1.010213391420439,1.0211113096565896
2024-03-18,407500,0.9906748466257669,0.9901226993865031,0.9849897750511247,0.996233801618421,0.9890541271562785,0.99860639875371
2024-03-19,403000,1.0055831265508686,1.001861042183623,0.99520264681555,1.0060201821420163,1.0000888076931924,1.0094371859352147
2024-03-20,407500,0.9995092024539878,0.9912269938650307,0.9834560327198364,0.9958360737599761,0.9900882267609434,0.9983460915222483
2024-03-21,413500,0.9883917775090689,0.9776299879081015,0.9684199919387344,0.9847705398515362,0.9780339834970466,0.9843889985817366
2024-03-22,413500,0.9910519951632406,0.9782345828295043,0.968037081821846,0.9875395326058023,0.9801259850687566,0.9849008347050404
2024-03-25,414500,0.9920386007237636,0.9773823884197829,0.9655006031363088,0.9878557672096705,0.9798793499560784,0.9830976770032605
2024-03-26,406000,1.0094827586206896,0.9974137931034482,0.9853243021346471,1.0069852081450237,1.0003565353716977,1.003559122986833
2024-03-27,409000,0.9997555012224939,0.9907701711491442,0.9776079869600652,0.9996719161062275,0.9936838181228638,0.9963227076070519
2024-03-28,401500,1.0148194271481943,1.0094022415940225,0.9947903694479037,1.0150101490291008,1.0110795173614155,1.014444327911133
2024-03-29,395000,1.030632911392405,1.0251898734177216,1.0097046413502109,1.0259468753778265,1.0250777695227917,1.030116806858935
2024-04-01,395500,1.0262958280657395,1.0235145385587863,1.0075642646439107,1.0201680592962126,1.021516905697255,1.0278697719607088
2024-04-02,393000,1.0302798982188295,1.0307251908396946,1.0128710771840543,1.0218108274496573,1.0253469996197775,1.0332802399927958
2024-04-03,376000,1.0684840425531914,1.0758643617021277,1.056892730496454,1.055644317381392,1.0648766522493514,1.077374822275116
2024-04-04,379500,1.0496706192358367,1.0633069828722002,1.0455862977602108,1.03756147323479,1.0498122596987725,1.0652274587580404
2024-04-05,376000,1.049468085106383,1.0696808510638298,1.053479609929078,1.0386342388378689,1.053909738925785,1.0726794303467735
2024-04-08,373000,1.0467828418230563,1.074597855227882,1.0602770330652367,1.0384446171648425,1.056444679546254,1.0786410795011907
2024-04-09,374000,1.035427807486631,1.0656417112299466,1.0555926916221035,1.0291829314103977,1.0485132981849126,1.0732731759336094
2024-04-11,380000,1.0114473684210525,1.04375,1.0374780701754387,1.0105812792170812,1.0289142226694221,1.0544799784099275
2024-04-12,371500,1.026514131897712,1.0616419919246298,1.0599596231493944,1.0275756698696727,1.0474601919724702,1.0760294382607978
2024-04-15,373000,1.0164879356568364,1.0539544235924934,1.0544682752457553,1.0191809047548746,1.0391290393256327,1.0693513489125626
2024-04-16,366000,1.0278688524590165,1.0684426229508197,1.0735428051001823,1.0316419019528351,1.0533837498960135,1.0868590493000414
2024-04-17,364500,1.0242798353909466,1.0675582990397805,1.076771833561957,1.0293623706279185,1.0522216469758805,1.0883372376152503
2024-04-18,377000,0.9905835543766578,1.0281167108753315,1.0407824933687002,0.9960991697238692,1.0156828364445447,1.0505386121259472
2024-04-19,367000,1.0141689373297003,1.0497956403269755,1.0689146230699365,1.0190152298422315,1.0392287735113888,1.07656811313891
2024-04-22,378500,0.9840158520475561,1.0132760898282696,1.0366578599735798,0.9902263250075395,1.0069248584883832,1.0424206576184185
2024-04-23,370000,1.0058108108108108,1.0305405405405406,1.06,1.0106157189528706,1.0271943526150846,1.0641921539685721
2024-04-24,385000,0.9694805194805195,0.9876623376623377,1.0194372294372294,0.9764699749971805,0.9883953369058807,1.021984872086417
2024-04-25,372500,1.0,1.0159060402684563,1.0532662192393736,1.0075578922184822,1.0195093498838628,1.0544344314672967
2024-04-26,372000,1.001478494623656,1.0133064516129033,1.0544354838709677,1.0072917482068577,1.0188911192784227,1.054020479339102
2024-04-29,378500,0.9857331571994716,0.9937252311756936,1.0364817261118449,0.9918128432800671,1.001260921061822,1.0347420352242616
2024-04-30,389000,0.9650385604113111,0.9660668380462725,1.008847472150814,0.9713976280985157,0.9766884458092904,1.006588636670813
2024-05-02,389000,0.9713367609254498,0.9655526992287917,1.0091688089117397,0.976598059353331,0.9789085938274532,1.0063726157944333
2024-05-03,391000,0.9699488491048593,0.9625319693094629,1.004156010230179,0.9767658232494795,0.9763869707683237,1.0011847681476573
2024-05-07,391500,0.9749680715197957,0.9628352490421456,1.0029799914857387,0.979969565079512,0.977507608810786,0.9999091939953069
2024-05-08,393000,0.9749363867684478,0.961323155216285,0.9998303647158608,0.9805511826411427,0.9762741243352759,0.9962208533569175
2024-05-09,388500,0.990990990990991,0.9744530244530245,1.0115186615186615,0.993380024102427,0.9887649551279654,1.007505661824157
2024-05-10,383500,1.0035202086049544,0.9883963494132986,1.0242503259452411,1.0051803376257287,1.0014985430281338,1.0199645639764414
2024-05-13,381500,1.011140235910878,0.9937745740498034,1.0290956749672346,1.0085499667139766,1.0061061141826746,1.0244817999128515
2024-05-14,385500,1.0041504539559014,0.9852788586251622,1.0183095546908776,0.9984332769042421,0.9960793241496038,1.0133974864775568
2024-05-16,381500,1.015465268676278,0.9967234600262124,1.0283748361730014,1.0072832727795231,1.0059018922466172,1.023235250459299
2024-05-17,376500,1.0256308100929614,1.0113545816733067,1.040548915449314,1.0169038070960985,1.0174261513880483,1.0356166866862568
2024-05-20,372000,1.0334677419354839,1.0245967741935484,1.0519937275985665,1.0238950514039906,1.0269019423904766,1.0465658059878484
2024-05-21,364500,1.0474622770919066,1.0439643347050755,1.0718335619570187,1.0367877870309417,1.0434571727501325,1.0658672922491816
2024-05-22,364000,1.041346153846154,1.0449862637362637,1.0713369963369963,1.031264319519232,1.0406152079907172,1.0651238089160386
2024-05-23,362000,1.03853591160221,1.0484806629834253,1.0751151012891345,1.030241564727525,1.0419488001136281,1.0686803242452478
2024-05-24,356000,1.0469101123595506,1.0641853932584269,1.0910814606741572,1.0389496981313269,1.0538421411425274,1.0838494365852267
2024-05-27,364500,1.017283950617284,1.036556927297668,1.0635802469135802,1.0120451010881086,1.0264796188762237,1.0566540091211905
2024-05-28,360000,1.0240277777777778,1.0477777777777777,1.074861111111111,1.0202055439695807,1.035566746101493,1.067571620805673
2024-05-29,342000,1.065204678362573,1.0985380116959065,1.1285818713450293,1.0604641048541845,1.0814921391442789,1.1197019089964577
2024-05-30,328000,1.0943597560975609,1.1377286585365853,1.173018292682927,1.0865045772564246,1.1154959233681074,1.1620024549776444
2024-05-31,331000,1.0706948640483385,1.118655589123867,1.158987915407855,1.0627194485199025,1.0953489561832896,1.1465044578402583
2024-06-03,332000,1.0554216867469879,1.1067018072289156,1.152710843373494,1.0486969433572808,1.0832830730689484,1.1383609301169002
2024-06-04,336500,1.0329866270430907,1.0838038632986626,1.134794452699356,1.028368625355006,1.0622443394776662,1.1191003775004413
2024-06-05,351500,0.985348506401138,1.0318634423897581,1.0840919867235657,0.9873048963888882,1.0153030121859323,1.0690044700459467
2024-06-07,359000,0.9639275766016713,1.0055710306406684,1.0594243268337975,0.9727371587050514,0.9946546182363375,1.0451412942101936
2024-06-10,353000,0.9794617563739377,1.0176345609065156,1.0751888574126536,0.9912216739057483,1.0104598881680908,1.0608432523330764
2024-06-11,356500,0.967601683029453,1.0038569424964936,1.0616877045348294,0.9848556057627343,1.0004881413134825,1.0487748564689316
2024-06-12,351500,0.9789473684210527,1.013869132290185,1.0736130867709814,0.9990713076657787,1.013317946919579,1.0616051089416043
2024-06-13,363000,0.9537190082644628,0.9786501377410468,1.0371671258034896,0.9733438722265693,0.9830045793653953,1.0270558439105733
2024-06-14,349000,0.9979942693409742,1.0132521489971347,1.0764087870105064,1.0101366060339154,1.0203005299335697,1.0660178969827452
2024-06-17,336500,1.036701337295691,1.0449479940564637,1.1128776622090144,1.0389947533574304,1.0526587156285998,1.1021545083930815
2024-06-18,331000,1.0536253776435045,1.056117824773414,1.1277442094662637,1.046030104516061,1.0634690689643866,1.1165184751681638
2024-06-19,343000,1.01865889212828,1.0160349854227406,1.0851554907677357,1.0077189719992965,1.0237619012518435,1.0749170435114686
2024-06-20,340000,1.0242647058823529,1.0214705882352941,1.091127450980392,1.0135904990807028,1.029671752165023,1.081634339892258
2024-06-21,333000,1.037987987987988,1.0385885885885886,1.1100350350350352,1.028552259674297,1.0464292176442225,1.1009493850259608
2024-06-24,331000,1.0376132930513595,1.0410876132930513,1.1125377643504533,1.0284457902345148,1.0477280477679465,1.104073724302933
2024-06-25,331000,1.0299093655589124,1.0360271903323264,1.108761329305136,1.0232738283736937,1.0431825194090945,1.1006614710376228
2024-06-26,331000,1.023716012084592,1.0316465256797582,1.104833836858006,1.0190422232148404,1.0390698985129903,1.0973610949291632
2024-06-27,328000,1.022408536585366,1.0389481707317074,1.1112042682926828,1.0232058711078187,1.043947530741608,1.103876690458246
2024-06-28,326500,1.0202143950995406,1.0434915773353752,1.1128126595201633,1.0228327249088907,1.044101365358667,1.1053760306062412
2024-07-01,347000,0.9629682997118155,0.984149855907781,1.0447406340057637,0.9692412790528622,0.9840926060110458,1.038758972245275
2024-07-02,343500,0.9764192139737992,0.9958515283842795,1.0529839883551675,0.9829139908646523,0.9946797742331496,1.0477253174265793
2024-07-03,358000,0.9410614525139664,0.9585195530726257,1.0094972067039105,0.9534480961803129,0.9587360397090516,1.0051160887268593
2024-07-04,359000,0.943732590529248,0.9568941504178273,1.0057335190343546,0.9597391151919392,0.9602497071363536,1.0022403774640425
2024-07-05,357500,0.9545454545454546,0.9606993006993007,1.009090909090909,0.9703539939440955,0.9676807528973783,1.0062342512922655
2024-07-08,358500,0.9595536959553695,0.9587866108786611,1.0056020455602046,0.9735295994713142,0.9683165987986242,1.0033150854140456
2024-07-09,363000,0.9564738292011019,0.9477961432506887,0.9926308539944904,0.968468132405258,0.9604733717324975,0.9911764001783121
2024-07-10,362000,0.9676795580110498,0.9518646408839779,0.9945441988950277,0.9763901026037111,0.9666383642250769,0.9941139825481112
2024-07-11,375000,0.9466666666666667,0.9204666666666667,0.9602222222222222,0.9529888374019129,0.9394969738590576,0.9609742705713177
2024-07-12,373000,0.9642091152815013,0.9286193029490617,0.9653708668453976,0.9657171158253609,0.9498169205599114,0.9672375395084561
2024-07-15,358500,1.006415620641562,0.9692468619246862,1.0040678754067875,1.0039082941107487,0.9893541231331728,1.0061502403893572
2024-07-16,346500,1.042135642135642,1.005050505050505,1.037974987974988,1.0316437389343645,1.0213681865899276,1.039651163132384
2024-07-17,336500,1.0667161961367013,1.0339524517087668,1.0668152550767707,1.05097419961281,1.0467950833389637,1.0682341633215378
2024-07-18,335000,1.0643283582089553,1.0378358208955223,1.07,1.0455564080128614,1.0465791564076283,1.0706232914816276
2024-07-19,345500,1.0285094066570188,1.0081041968162083,1.03589001447178,1.0112755085275036,1.0133659059381923,1.0368375296478973
2024-07-22,328500,1.0726027397260274,1.0598934550989345,1.0873921867072551,1.052044055283319,1.0595405507764388,1.0875272412116637
2024-07-23,326000,1.069478527607362,1.067254601226994,1.0927147239263804,1.0491824454671312,1.061221493963065,1.092723988004362
2024-07-24,321500,1.071850699844479,1.080715396578538,1.1053654743390358,1.0522554206137602,1.068830027935603,1.1044771274599148
2024-07-25,332500,1.023609022556391,1.0456390977443608,1.0668170426065164,1.014272333437024,1.030282595867473,1.0657105579767354
2024-07-26,325000,1.0324615384615385,1.0695384615384615,1.0886923076923076,1.030827960226656,1.0489099339769614,1.0873430956384809
2024-07-29,329500,1.0095599393019727,1.0522761760242791,1.0708143651997977,1.013704451279616,1.0312911109628926,1.070116364029367
2024-07-30,333000,0.9948948948948949,1.0396396396396397,1.0567567567567568,1.0024953727190011,1.0185039325301286,1.0569387670391173
2024-07-31,324000,1.0186728395061728,1.0632716049382716,1.082664609053498,1.0248256543318874,1.0423389742971962,1.0834687287974225
2024-08-01,333500,0.9892053973013494,1.029160419790105,1.0489255372313844,0.9964267706233565,1.011442668062189,1.0508805377467947
2024-08-02,336000,0.9790178571428572,1.0183035714285715,1.0382936507936509,0.9910105389680749,1.0035440003083986,1.0416496341209605
2024-08-05,322000,1.0195652173913043,1.0569099378881988,1.079994824016563,1.027898325759305,1.0426833626099994,1.0840882978696051
2024-08-06,337000,0.9774480712166173,1.0060089020771514,1.0296241345202768,0.9853923248045499,0.9966280644973825,1.0346601879117616
2024-08-07,324500,1.016024653312789,1.0389830508474576,1.0663585002568052,1.0191048945600782,1.0316838354944222,1.0720729756347354
2024-08-08,321000,1.023520249221184,1.0419003115264798,1.0746365524402908,1.0247226974122654,1.0388438937458628,1.08101594172736
2024-08-09,322000,1.0194099378881987,1.0307453416149068,1.0682194616977225,1.0176239053709866,1.032225511380659,1.0751125608557297
2024-08-12,328500,0.9989345509893455,1.0057838660578386,1.0446473871131405,0.9979449502601686,1.0106770571322568,1.052074178761161
2024-08-13,329500,0.9948406676783005,1.0001517450682853,1.039327263530602,0.9958405974463204,1.0068850136702043,1.0472785738765436
2024-08-14,337000,0.9765578635014837,0.9779673590504451,1.0148367952522255,0.9784637959878778,0.9859550131527928,1.0231852466524023
2024-08-16,336500,0.9789004457652303,0.9796433878157503,1.0149826646854878,0.9835690107338196,0.9886181205996365,1.0238955622817463
2024-08-19,329500,0.9977238239757208,0.9980273141122914,1.0349013657056145,1.0036525724947918,1.0087043795149615,1.0441508766753955
2024-08-20,330000,0.9986363636363637,0.9967424242424242,1.032020202020202,1.0017442710009106,1.0064926072082854,1.0411731305507583
2024-08-21,350000,0.9452857142857143,0.9432142857142857,0.9723571428571428,0.95459233373317,0.9538379111831223,0.9822782600390001
2024-08-22,363000,0.922038567493113,0.9151515151515152,0.9376721763085399,0.9348774984371364,0.9273281004024351,0.9488346687365101
2024-08-23,359000,0.9428969359331476,0.9290389972144847,0.9489090064995357,0.9552405133943087,0.9435975472178796,0.9607375725078676
2024-08-26,378000,0.9103174603174603,0.8893518518518518,0.9034171075837742,0.9240938188496901,0.9060567988880268,0.9153171360626673
2024-08-27,376500,0.9266932270916335,0.8991367861885791,0.9090305444887118,0.9409072007066632,0.9182697691284143,0.921620741885298
2024-08-28,368500,0.9573948439620081,0.9234735413839892,0.9304161013116237,0.9683641419993902,0.9440903008929525,0.9435426007027036
2024-08-29,391000,0.9161125319693094,0.8789002557544757,0.8791986359761297,0.9285235240504482,0.9002616297286575,0.8928779276856204
2024-08-30,388000,0.9364690721649485,0.8927190721649485,0.8875644329896907,0.9473932242580898,0.9160583759516688,0.9030674714308202
2024-09-02,412000,0.9019417475728155,0.8499393203883495,0.8380056634304207,0.9118043113656773,0.8757723471469837,0.8553644976947086
2024-09-03,411000,0.9238442822384428,0.8628345498783455,0.8423965936739659,0.9296550290962028,0.8895314486695155,0.8621195887689569
2024-09-04,399500,0.962828535669587,0.89549436795995,0.8684397163120567,0.9643404147518158,0.9232196296156203,0.890643546568695
2024-09-05,410000,0.9496341463414634,0.8829878048780487,0.8485772357723578,0.9506177297650006,0.9091403714979519,0.8721676815054938
2024-09-06,395000,0.9948101265822785,0.9258860759493671,0.8821518987341772,0.9891322031836254,0.9490299570788482,0.9083932855635861
2024-09-09,399500,0.9889862327909887,0.9251564455569462,0.8743220692532333,0.9819922590323785,0.9442123878510943,0.901500052118344
2024-09-10,379500,1.041897233201581,0.9806324110671937,0.9222880983750549,1.0276088555158505,0.9945472275530124,0.9506817416563292
2024-09-11,399000,0.9986215538847117,0.9414160401002506,0.8800543024227235,0.9814987573511932,0.9510899611255514,0.9073601847483451
2024-09-12,414000,0.9679951690821256,0.9166062801932368,0.8510265700483092,0.95576680668602,0.9245701627896027,0.8786000676805821
2024-09-13,399500,1.0060075093867333,0.9577596996245307,0.8843971631205674,0.9921918583939265,0.9621156088566678,0.9134239624610929
2024-09-19,391500,1.0213282247765005,0.9852490421455938,0.9049595572584079,1.0101998901324423,0.9835113457430563,0.9343156630534326
2024-09-20,393500,1.011689961880559,0.988310038119441,0.9030072003388394,1.0041444641057318,0.980558981703845,0.9318761990151957
2024-09-23,397000,1.002141057934509,0.9855163727959698,0.8978169605373635,0.9961478405382297,0.9745890880063329,0.9261635947664478
2024-09-24,413000,0.964043583535109,0.9533898305084746,0.8663438256658595,0.9652732190717797,0.9428485519234139,0.8938804382267871
2024-09-25,413500,0.9673518742442564,0.9588270858524789,0.8687424425634824,0.9706321985907014,0.9472600434091124,0.8963143353738889
2024-09-26,413500,0.9707376058041113,0.9631197097944377,0.8722490931076179,0.9759717988469376,0.9522828964177684,0.8997138653627863
2024-09-27,414500,0.9768395657418577,0.9653799758745476,0.8728588661037394,0.9784140913277505,0.9547487593435806,0.9009025021792461
2024-09-30,414500,0.9805790108564536,0.970928829915561,0.8757137112987534,0.9823388019954323,0.9590584013108586,0.9041516004694847
2024-10-02,408500,0.9936352509179927,0.9873317013463893,0.8906364749082007,0.9973550463656303,0.9757025633296809,0.9201388312018074
2024-10-04,403500,1.0069392812887237,1.0014869888475837,0.9035109458901281,1.0079476913288812,0.9889556199071596,0.9337853633260934
2024-10-07,420000,0.9741666666666666,0.9630952380952381,0.8704960317460317,0.974104337891955,0.9548558117934511,0.9004746780658673
2024-10-08,436500,0.9471935853379152,0.929610538373425,0.8405689194348988,0.9486857018080995,0.9264985957684766,0.870815260079419
2024-10-10,427000,0.9752927400468384,0.9535128805620608,0.861768149882904,0.9752846028429039,0.9521485562625025,0.8937897186040836
2024-10-11,411000,1.0127737226277371,0.9907542579075426,0.8973033252230334,1.0108424527151691,0.9902422937038214,0.9309259455469654
2024-10-14,406000,1.0233990147783252,1.0043103448275863,0.9096264367816091,1.0190564784132132,1.0022052629055995,0.9442793851885708
2024-10-15,403500,1.0272614622057001,1.0110285006195787,0.916522098306485,1.020757546946464,1.007613311860954,0.9517650229677547
2024-10-16,404500,1.0222496909765142,1.011619283065513,0.9161516275236917,1.0149187620487885,1.0046344641099538,0.95107070130262
2024-10-17,397000,1.0371536523929472,1.030478589420655,0.9355793450881612,1.0278936920628838,1.0213647803666848,0.9700531784260346
2024-10-18,388500,1.0546975546975548,1.0497425997425998,0.9582797082797083,1.041222455069775,1.0395482672434764,0.9915629933655928
2024-10-21,389500,1.048395378690629,1.0457637997432605,0.9581514762516046,1.0315402763803172,1.0333670193358668,0.9893773502149145
2024-10-22,381500,1.0602883355176933,1.0663826998689383,0.9798165137614679,1.043503976850042,1.0497949980147392,1.0097925014121243
2024-10-23,403000,0.995409429280397,1.0106699751861041,0.9306244830438379,0.9900453202153439,0.9943801303450119,0.9573654361974488
2024-10-24,406500,0.9817958179581796,1.0031365313653136,0.9259122591225912,0.9848807729891652,0.987169057348065,0.9507905541699322
2024-10-25,407000,0.9796068796068796,1.0011670761670761,0.9282760032760032,0.9866397828860533,0.9872938123818628,0.9512742278947204
2024-10-28,416500,0.9597839135654261,0.9786914765906363,0.9104641856742697,0.9706562315205967,0.9681293147143367,0.9318854637374887
2024-10-29,409000,0.9787286063569682,0.9960880195599022,0.9305827220863895,0.9905545418659606,0.987226840376284,0.9506468172335751
2024-10-30,411500,0.9744835965978129,0.9896719319562576,0.9282503037667071,0.9873481207574508,0.9830168114984789,0.9466788178663053
2024-10-31,407500,0.9866257668711657,0.9985276073619632,0.9404089979550103,0.9975780848243658,0.9933645271049789,0.9574149322970111
2024-11-01,412500,0.9804848484848485,0.986909090909091,0.9325858585858586,0.9881250966596941,0.9831024359146089,0.9475866273127851
2024-11-04,426000,0.957981220657277,0.958274647887324,0.9066510172143974,0.9646637689605452,0.9565241830405484,0.920260507282215
2024-11-05,420000,0.9808333333333333,0.9719642857142857,0.9229365079365079,0.9823638290464783,0.9730279747766667,0.9355904601888936
2024-11-06,390500,1.0517285531370038,1.0395006402048657,0.9955825864276568,1.046289203537583,1.042102705776209,1.0060633321500423
2024-11-07,386000,1.058678756476684,1.0463082901554404,1.0093048359240069,1.0478528982178135,1.049084755182159,1.017208703859212
2024-11-08,398500,1.0233375156838143,1.0119196988707653,0.9807402760351317,1.012259830822102,1.0146367442798536,0.9857832042985483
2024-11-11,416000,0.9801682692307693,0.9705528846153846,0.9432892628205127,0.9751900968626462,0.974624783575425,0.9461397307641594
2024-11-12,427000,0.9591334894613583,0.9483021077283372,0.923087431693989,0.9591466303286668,0.9543252246437113,0.9243311533721305
2024-11-13,412000,0.9941747572815534,0.9837378640776699,0.9600728155339806,0.995145741472433,0.9901110202883068,0.9593615608351215
2024-11-14,422000,0.9740521327014218,0.9633886255924171,0.9409755134281201,0.976734254498014,0.9698249906135031,0.9387056491642605
2024-11-15,371000,1.096765498652291,1.0934636118598382,1.0718553459119495,1.0908200682635276,1.093320084037873,1.065524866461317
2024-11-18,383500,1.0499348109517601,1.0570404172099088,1.038961321164711,1.0452170695583547,1.0521901375033174,1.0297849317959769
2024-11-19,393500,1.0165184243964422,1.031702668360864,1.0152689538331214,1.015263189460705,1.023026978510065,1.0034965217273053
2024-11-20,400500,1.0012484394506866,1.0133583021223471,1.0004577611319183,0.9979694893826095,1.0046562279092206,0.986417674492259
2024-11-21,400500,1.0048689138576778,1.0126092384519352,1.0025593008739075,0.9983386731312259,1.004212777632152,0.9868629966400979
2024-11-22,405000,0.9953086419753087,1.001111111111111,0.9931481481481481,0.9895649264425371,0.9937162999872853,0.9766880865860782
2024-11-25,419500,0.9617401668653158,0.966865315852205,0.9612236789829162,0.9634769003972365,0.9632382006245713,0.9448000871052101
2024-11-26,406000,0.9885467980295567,0.9986453201970443,0.9943349753694581,0.9963293859045604,0.995717813520777,0.9769956616288151
2024-11-27,400500,0.9992509363295881,1.0109862671660423,1.0089887640449438,1.0081914824867242,1.0084973798822037,0.990726922439463
2024-11-28,402500,0.9894409937888199,1.0053416149068324,1.0053830227743272,1.0026033198471818,1.0031541925127039,0.9862694965394257
2024-11-29,381500,1.0466579292267366,1.0566186107470512,1.0603101791175185,1.0472847673409784,1.0528142903627167,1.039229738911007
2024-12-02,391500,1.0219667943805875,1.0252234993614304,1.0333759046402724,1.0168007079218042,1.023453674353117,1.0122690190430927
2024-12-03,397000,1.008690176322418,1.0081234256926952,1.018429890848027,1.0022205849238555,1.0083915265294063,0.9983026773079648
2024-12-04,389000,1.026478149100257,1.02866323907455,1.0384318766066838,1.018680567874021,1.0263554026944928,1.01821583760729
2024-12-05,382000,1.0404450261780105,1.0469895287958115,1.056697207678883,1.0305570366794259,1.0408617279126149,1.0356652514343367
